Workbook

Sheet מלאי לא תקין
A1: Plant | B1: Storage Location | C1: Material | D1: Material Description | E1: Batch | F1: Base Unit of Measure | G1: Old material number | H1: Unrestricted | I1: Restricted-Use Stock | J1: Blocked | K1: Transit and Transfer | L1: HU change | M1: UD Code | N1: UD Description | O1: Date of Manufacture | P1: SLED/BBD | Q1: Batch remarks | R1: Batch indicator | S1: QM Notification | T1: Last Insp lot UD remarks | U1: Containers ID (Creation Date) | V1: Delivery for batch | W1: UD code for delivery | X1: Pack order QC status | Y1: Delivery Ref document | Z1: Delivery Ref document item | AA1: Supplier Batch | AB1: Last Goods Receipt | AC1: Batch process order | AD1: Batch creation date | AE1: Central Item Code | AF1: שיוך למתקן/משפחה | AG1: סה"כ לא תקין | AH1: חיבור מתקן והחלטת שימוש
AF2: =VLOOKUP(C2,'גיליון דאטה להכל'!A:H,5,0) -> #N/A | AG2: =I2+H2 -> 0 | AH2: =_xlfn.CONCAT(AF2,N2) -> #N/A
AF3: =VLOOKUP(C3,'גיליון דאטה להכל'!A:H,5,0) -> #N/A | AG3: =I3+H3 -> 0 | AH3: =_xlfn.CONCAT(AF3,N3) -> #N/A
AF4: =VLOOKUP(C4,'גיליון דאטה להכל'!A:H,5,0) -> #N/A | AG4: =I4+H4 -> 0 | AH4: =_xlfn.CONCAT(AF4,N4) -> #N/A
AF5: =VLOOKUP(C5,'גיליון דאטה להכל'!A:H,5,0) -> #N/A | AG5: =I5+H5 -> 0 | AH5: =_xlfn.CONCAT(AF5,N5) -> #N/A
AF6: =VLOOKUP(C6,'גיליון דאטה להכל'!A:H,5,0) -> #N/A | AG6: =I6+H6 -> 0 | AH6: =_xlfn.CONCAT(AF6,N6) -> #N/A
AF7: =VLOOKUP(C7,'גיליון דאטה להכל'!A:H,5,0) -> #N/A | AG7: =I7+H7 -> 0 | AH7: =_xlfn.CONCAT(AF7,N7) -> #N/A
AF8: =VLOOKUP(C8,'גיליון דאטה להכל'!A:H,5,0) -> #N/A | AG8: =I8+H8 -> 0 | AH8: =_xlfn.CONCAT(AF8,N8) -> #N/A
AF9: =VLOOKUP(C9,'גיליון דאטה להכל'!A:H,5,0) -> #N/A | AG9: =I9+H9 -> 0 | AH9: =_xlfn.CONCAT(AF9,N9) -> #N/A
AF10: =VLOOKUP(C10,'גיליון דאטה להכל'!A:H,5,0) -> #N/A | AG10: =I10+H10 -> 0 | AH10: =_xlfn.CONCAT(AF10,N10) -> #N/A
AF11: =VLOOKUP(C11,'גיליון דאטה להכל'!A:H,5,0) -> #N/A | AG11: =I11+H11 -> 0 | AH11: =_xlfn.CONCAT(AF11,N11) -> #N/A
AF12: =VLOOKUP(C12,'גיליון דאטה להכל'!A:H,5,0) -> #N/A | AG12: =I12+H12 -> 0 | AH12: =_xlfn.CONCAT(AF12,N12) -> #N/A
AF13: =VLOOKUP(C13,'גיליון דאטה להכל'!A:H,5,0) -> #N/A | AG13: =I13+H13 -> 0 | AH13: =_xlfn.CONCAT(AF13,N13) -> #N/A
... AF63: =VLOOKUP(C63,'גיליון דאטה להכל'!A:H,5,0) -> #N/A | AG63: =I63+H63 -> 0 | AH63: =_xlfn.CONCAT(AF63,N63) -> #N/A
AF64: =VLOOKUP(C64,'גיליון דאטה להכל'!A:H,5,0) -> #N/A | AG64: =I64+H64 -> 0 | AH64: =_xlfn.CONCAT(AF64,N64) -> #N/A | AU64: 0
AF65: =VLOOKUP(C65,'גיליון דאטה להכל'!A:H,5,0) -> #N/A | AG65: =I65+H65 -> 0 | AH65: =_xlfn.CONCAT(AF65,N65) -> #N/A
AF66: =VLOOKUP(C66,'גיליון דאטה להכל'!A:H,5,0) -> #N/A | AG66: =I66+H66 -> 0 | AH66: =_xlfn.CONCAT(AF66,N66) -> #N/A
AF67: =VLOOKUP(C67,'גיליון דאטה להכל'!A:H,5,0) -> #N/A | AG67: =I67+H67 -> 0 | AH67: =_xlfn.CONCAT(AF67,N67) -> #N/A
AF68: =VLOOKUP(C68,'גיליון דאטה להכל'!A:H,5,0) -> #N/A | AG68: =I68+H68 -> 0 | AH68: =_xlfn.CONCAT(AF68,N68) -> #N/A
AF69: =VLOOKUP(C69,'גיליון דאטה להכל'!A:H,5,0) -> #N/A | AG69: =I69+H69 -> 0 | AH69: =_xlfn.CONCAT(AF69,N69) -> #N/A
AF70: =VLOOKUP(C70,'גיליון דאטה להכל'!A:H,5,0) -> #N/A | AG70: =I70+H70 -> 0 | AH70: =_xlfn.CONCAT(AF70,N70) -> #N/A
AF71: =VLOOKUP(C71,'גיליון דאטה להכל'!A:H,5,0) -> #N/A | AG71: =I71+H71 -> 0 | AH71: =_xlfn.CONCAT(AF71,N71) -> #N/A
AF72: =VLOOKUP(C72,'גיליון דאטה להכל'!A:H,5,0) -> #N/A | AG72: =I72+H72 -> 0 | AH72: =_xlfn.CONCAT(AF72,N72) -> #N/A
AF73: =VLOOKUP(C73,'גיליון דאטה להכל'!A:H,5,0) -> #N/A | AG73: =I73+H73 -> 0 | AH73: =_xlfn.CONCAT(AF73,N73) -> #N/A
AF74: =VLOOKUP(C74,'גיליון דאטה להכל'!A:H,5,0) -> #N/A | AG74: =I74+H74 -> 0 | AH74: =_xlfn.CONCAT(AF74,N74) -> #N/A
AF75: =VLOOKUP(C75,'גיליון דאטה להכל'!A:H,5,0) -> #N/A | AG75: =I75+H75 -> 0 | AH75: =_xlfn.CONCAT(AF75,N75) -> #N/A
AF76: =VLOOKUP(C76,'גיליון דאטה להכל'!A:H,5,0) -> #N/A | AG76: =I76+H76 -> 0 | AH76: =_xlfn.CONCAT(AF76,N76) -> #N/A
... AF1318: =VLOOKUP(C1318,'גיליון דאטה להכל'!A:H,5,0) -> #N/A | AG1318: =I1318+H1318 -> 0 | AH1318: =_xlfn.CONCAT(AF1318,N1318) -> #N/A
AG1319: =I1319+H1319 -> 0 | AH1319: =_xlfn.CONCAT(AF1319,N1319)
AG1320: =I1320+H1320 -> 0 | AH1320: =_xlfn.CONCAT(AF1320,N1320)

Sheet מתקן ופירוט לצורך בדיקה
A3: תוויות שורה | B3: סכום של Delivered quantity (GMEIN)
A4: (ריק)
A5: 1528 | B5: 40100
A6: 1543 | B6: 9600
A7: 1541 | B7: 12540
A8: 1519 | B8: 67660
A9: 1540 | B9: 18000
A10: 1124 | B10: 11770
A11: 1523 | B11: 19000
A12: 1141 | B12: 14792
A13: 1525 | B13: 21800
A14: 1140 | B14: 2100
A15: 1542 | B15: 24000
A16: סכום כולל | B16: 241362

Sheet מתקן
A3: תוויות שורה | B3: סכום של Delivered quantity (GMEIN)
A4: (ריק)
A5: 1528 | B5: 40100
A6: 1543 | B6: 9600
A7: 1541 | B7: 12540
A8: 1519 | B8: 67660
A9: 1540 | B9: 18000
A10: 1124 | B10: 11770
A11: 1523 | B11: 19000
A12: 1141 | B12: 14792
A13: 1525 | B13: 21800
A14: 1140 | B14: 2100
A15: 1542 | B15: 24000
A16: סכום כולל | B16: 241362

Sheet פיוות ביצוע יומי
A3: סכום של Delivered quantity (GMEIN) | B3: תוויות עמודה
A4: תוויות שורה | B4: 45962 | C4: 45963 | D4: 45964 | E4: 45965 | F4: 45966 | G4: 45967 | H4: 45968 | I4: 45969 | J4: 45970 | K4: 45971 | L4: 45972 | M4: 45973 | N4: 45974 | O4: 45975 | P4: 45976 | Q4: סכום כולל
A5: 1 | B5: 9216 | Q5: 9216
A6: 5 | B6: 12000 | C6: 17040 | D6: 31200 | E6: 13200 | F6: 31900 | G6: 21000 | H6: 48000 | I6: 26700 | J6: 35400 | K6: 50400 | L6: 58200 | M6: 48000 | N6: 2000 | O6: 15600 | P6: 9600 | Q6: 420240
A7: 10 | C7: 10800 | I7: 21000 | O7: 12000 | P7: 24000 | Q7: 67800
A8: 19 | B8: 8160 | C8: 20640 | D8: 66240 | E8: 14640 | F8: 37440 | G8: 10800 | H8: 5040 | I8: 5760 | J8: 11520 | K8: 23280 | L8: 44160 | M8: 73320 | N8: 51300 | O8: 55065 | P8: 67660 | Q8: 495025
A9: 23 | B9: 7000 | C9: 60080 | D9: 33000 | E9: 16840 | F9: 17000 | G9: 14840 | H9: 24400 | I9: 53400 | J9: 47550 | K9: 12000 | L9: 12000 | M9: 34960 | N9: 24000 | O9: 30960 | P9: 19000 | Q9: 407030
A10: 28 | B10: 33000 | C10: 40000 | D10: 14000 | E10: 70400 | F10: 57800 | G10: 35200 | H10: 62632 | I10: 51600 | J10: 73800 | K10: 62600 | L10: 34800 | M10: 66600 | N10: 49400 | O10: 46900 | P10: 38700 | Q10: 737432
A11: 24F | B11: 11920 | C11: 4000 | D11: 8000 | F11: 8000 | G11: 7000 | H11: 5000 | I11: 6450 | J11: 2000 | K11: 15000 | L11: 14000 | M11: 7000 | O11: 8000 | P11: 11770 | Q11: 108140
A12: GALIGAN | C12: 3300 | F12: 1650 | G12: 1650 | H12: 1650 | J12: 1650 | K12: 1650 | M12: 3300 | N12: 1650 | Q12: 16500
A13: EC 25 | B13: 33000 | C13: 22650 | D13: 8000 | F13: 9600 | G13: 8000 | I13: 7000 | J13: 7500 | O13: 9400 | P13: 6800 | Q13: 111950
A14: DELTA DAMASCON | E14: 7920 | J14: 3600 | O14: 6480 | Q14: 18000
A15: DIURON | C15: 59400 | D15: 21500 | E15: 14100 | F15: 27900 | G15: 21000 | J15: 58200 | K15: 31200 | M15: 44100 | N15: 21000 | O15: 26100 | P15: 6600 | Q15: 331100
A16: LINURON | D16: 3600 | Q16: 3600
A17: KROVAR | C17: 3000 | D17: 2000 | E17: 1500 | P17: 1500 | Q17: 8000
A18: NANA | B18: 3832 | C18: 11170 | D18: 3951 | E18: 3878 | F18: 3888 | G18: 8095 | H18: 3906 | I18: 7937 | J18: 4881 | K18: 12129 | L18: 3880 | M18: 8174 | N18: 3852 | O18: 3600 | P18: 7425 | Q18: 90598
A19: סכום כולל | B19: 118128 | C19: 252080 | D19: 191491 | E19: 142478 | F19: 195178 | G19: 127585 | H19: 150628 | I19: 179847 | J19: 246101 | K19: 208259 | L19: 167040 | M19: 285454 | N19: 153202 | O19: 214105 | P19: 193055 | Q19: 2824631

Sheet משפחת מוצר (2)
A2: Storage Location | B2: (הכל)
A4: תוויות שורה | B4: Material | C4: סכום של Delivered quantity (GMEIN)
A5: (ריק) | B5: (ריק)
A6: 45976 | B6: 10000000442 | C6: 47500
B7: 30000000076 | C7: 6600
B8: 30000000084 | C8: 1500
B9: 30000000113 | C9: 9900
B10: 50000000049 | C10: 3000
B11: 50000000056 | C11: 1740
B12: 50000000072 | C12: 2100
B13: 50000000077 | C13: 8820
B14: 50000000108 | C14: 15000
B15: 10000000401 | C15: 20160
B16: 20000000683 | C16: 6800
B17: 30000000097 | C17: 5115
B18: 10000002484 | C18: 24000
... B29: 20000000805 | C29: 8700
A30: סכום כולל | C30: 241362

Sheet לעדכן בסינתזה דאטה אריזה 42+24
A1: Local Item Code | B1: Production Line Descr | C1: גודל אריזה | D1: משפחה לתכנון | E1: צריך להסיר מהמדידה | F1: Formulation Code | G1: Description | H1: Capacity | I1: *Production Line Code | J1: Formulation Res
A2: 10000000160 | B2: 10\20 liter | C2: 20 | D2: #N/A | E2: #N/A | F2: EC | G2: ACTC770 EC ACETOGAN 768 EC - 20 20LT ZA | H2: 0 | I2: AGAN-42-P-04 | J2: 42
A3: 10000000161 | B3: 10\20 liter | C3: 10 | D3: #N/A | E3: #N/A | F3: EC | G3: ACTC900 EC Acierto 900 EC 10L 10LT NZ | H3: 0 | I3: AGAN-42-P-04 | J3: 42
A4: 10000000162 | B4: 10\20 liter | C4: 20 | D4: #N/A | E4: #N/A | F4: EC | G4: ACTC900 EC Acetogan EC - 20l 20LT UA | H4: 0 | I4: AGAN-42-P-04 | J4: 42
A5: 10000000163 | B5: 10\20 liter | C5: 20 | D5: #N/A | E5: #N/A | F5: EC | G5: ACTC900 EC Acetogan 900 EC - 20l 20LT ZA | H5: 0 | I5: AGAN-42-P-04 | J5: 42
A6: 10000000164 | B6: 10\20 liter | C6: 20 | D6: #N/A | E6: #N/A | F6: EC | G6: ACTC900 EC Acierto 900 EC 20L 20LT NZ | H6: 0 | I6: AGAN-42-P-04 | J6: 42
A7: 10000000165 | C7: 23 | G7: ACTC900 EC Acierto 900 EC 200L 200LT NZ | J7: 23
A8: 10000000169 | B8: 10 | C8: 10 | D8: #N/A | E8: #N/A | F8: EC | G8: ACLN600 SC COLT 10LT 10LT FR | H8: 8 | I8: AGAN-23-F-07 | J8: 42
A9: 10000000170 | C9: 10 | D9: #N/A | E9: #N/A | F9: EC | G9: ACLN600 SC PAPEL 10 LT 10LT FR | H9: 8 | I9: AGAN-23-F-08 | J9: 42
A10: 10000000179 | B10: 10\20 liter | C10: 10 | D10: AMETRYN | E10: Class 3 | F10: EC | G10: ACTC880 EC Acenit A EC - 10l 10LT UA | H10: 0 | I10: AGAN-42-P-04 | J10: 42
A11: 10000000180 | C11: 19 | G11: AMTR800 WG AMETREX 80 WG 500 KG 500KG MX | J11: 19
A12: 10000000181 | C12: 19 | G12: AMTR800 WG Ametryne 80% WG [500 500KG IN | J12: 19
A13: 10000000182 | C13: 19 | G13: AMTR800 WG AMETREX 80WG CENAM 15KG CAM | J13: 19
A14: 10000000185 | C14: 19 | G14: AMTR800 WG Ametrex WG 15KG 15KG AU | J14: 19
A15: 10000000186 | C15: 19 | G15: AMTR800 WG AMETRYN 80 WG VIETNAM 15KG VN | J15: 19
A16: 10000000191 | B16: 1 liter | C16: 1 liter | D16: #N/A | E16: #N/A | F16: EC | G16: ALCL480 EC Alanex 48 EC x 1 Lt 1LT CAM | H16: 0 | I16: AGAN-42-P-02 | J16: 42
A17: 10000000192 | B17: 10\20 liter | C17: 5 | D17: #N/A | E17: #N/A | F17: EC | G17: ALCL480 EC Alanex 10 Liter 10LT IL | H17: 0 | I17: AGAN-42-P-04 | J17: 42
A18: 10000000193 | B18: 10\20 liter | C18: 20 | D18: ATRAZINE | E18: Class 2 | G18: ALCL480 MCB Cyclone 20L 20LT NZ | H18: 0 | I18: AGAN-42-P-04 | J18: 42
A19: 10000000194 | B19: 10\20 liter | C19: 20 | D19: #N/A | E19: #N/A | F19: SC | G19: AMTR500 SC Ametrex 50 SC x 20 L 20LT CAM | H19: 0 | I19: AGAN-42-P-04 | J19: 42
A20: 10000000195 | B20: 10\20 liter | C20: 20 | D20: ATRAZINE | E20: Class 2 | F20: SC | G20: AMTR500 SC Ametrex 50 SC x 20 Lt 20LT DO | H20: 0 | I20: AGAN-42-P-04 | J20: 42
A21: 10000000196 | B21: 10\20 liter | C21: 20 | D21: #N/A | E21: #N/A | F21: SC | G21: AMTR500 SC AMETREX 50 SC Chinese 20LT DO | H21: 0 | I21: AGAN-42-P-04 | J21: 42
A22: 10000000213 | B22: 5 lIter | C22: 1 | D22: #N/A | E22: #N/A | F22: SC | G22: AMTR250+ARZN250 SC ATRAMET COMBI 5LT ET | H22: 0 | I22: AGAN-42-P-03 | J22: 42
A23: 10000000219 | B23: 5 lIter | C23: 5 | D23: #N/A | E23: #N/A | F23: SC | G23: ARZN500 SC Atranex 5 L 5LT IL | H23: 0 | I23: AGAN-42-P-03 | J23: 42
A24: 10000000229 | B24: 5 lIter | C24: 5 | G24: BRXL240 EC Bromotril 5 L 5LT IL | J24: 42
A25: 10000000245 | B25: 1 liter | C25: 1 | D25: #N/A | E25: #N/A | F25: SC | G25: BFNX480 SC VALLEY Lt. 1 1LT IT | H25: 0 | I25: AGAN-42-P-02 | J25: 42
A26: 10000000246 | B26: 1 liter | C26: 1 | D26: #N/A | E26: #N/A | F26: SC | G26: BFNX480 SC FOXPRO Lt. 1 1LT IT | H26: 0 | I26: AGAN-42-P-02 | J26: 42
A27: 10000000247 | B27: 5 lIter | C27: 5 lIter | D27: #N/A | E27: #N/A | F27: SC | G27: BFNX480 SC FOX (4 X 5L) 5LT GB | H27: 0 | I27: AGAN-42-P-03 | J27: 42
A28: 10000000248 | B28: 5 lIter | C28: 5 | D28: #N/A | E28: #N/A | F28: SC | G28: BFNX480 SC MODOWN 4X5L ROMANIA 5LT RO | H28: 0 | I28: AGAN-42-P-03 | J28: 42
A29: 10000000249 | B29: 5 lIter | C29: 5 | D29: #N/A | E29: #N/A | F29: SC | G29: BFNX480 SC Fox 5LT DE | H29: 0 | I29: AGAN-42-P-03 | J29: 42
A30: 10000000250 | B30: 5 lIter | C30: 5 lIter | D30: #N/A | E30: #N/A | F30: SC | G30: BFNX480 SC Fox 480 SC NL [5.000] 5LT NL | H30: 0 | I30: AGAN-42-P-03 | J30: 42
A31: 10000000251 | B31: 5 lIter | C31: 5 | D31: #N/A | E31: #N/A | F31: SC | G31: BFNX480 SC FOX 5 LT 5LT FR | H31: 0 | I31: AGAN-42-P-03 | J31: 42
A32: 10000000252 | B32: 5 lIter | C32: 5 lIter | D32: #N/A | E32: #N/A | F32: SC | G32: BFNX480 SC Fox 480 SC 5LT BE | H32: 0 | I32: AGAN-42-P-03 | J32: 42
A33: 10000000253 | C33: 23 | G33: CLTD120 EC AKODIM 12 200LT MOR 200LT MA | J33: 23
A34: 10000000261 | B34: 10\20 liter | C34: 1 | D34: #N/A | E34: #N/A | F34: ME | G34: BNTZ480+CLMZ50 ME Eventus ME 10LT UA | H34: 0 | I34: AGAN-42-P-04 | J34: 42
A35: 10000000262 | B35: 10\20 liter | C35: 1 | D35: #N/A | E35: #N/A | F35: EC | G35: BRXL327+MCPA351 EC BADGE 20LT KE 20LT KE | H35: 0 | I35: AGAN-42-P-04 | J35: 42
A36: 10000000263 | B36: 5 lIter | C36: 5 lIter | D36: #N/A | E36: #N/A | F36: EC | G36: BRXL240 EC Adama Essentials Bromo 5LT AR | H36: 0 | I36: AGAN-42-P-03 | J36: 42
A37: 10000000270 | C37: 23 | G37: CLMZ480 EC KALIF 200L KENYA 200LT KE | J37: 23
A38: 10000000271 | B38: 5 lIter | C38: 5 lIter | D38: #N/A | E38: #N/A | F38: EC | G38: BRXL240 EC Bromotril 5 L 5LT IL | H38: 0 | I38: AGAN-42-P-03 | J38: 42
A39: 10000000272 | B39: 5 lIter | C39: 5 lIter | D39: #N/A | E39: #N/A | F39: SC | G39: BRXL250 SC BROMOTRIL 250 5L BEL 5LT BE | H39: 0 | I39: AGAN-42-P-03 | J39: 42
A40: 10000000273 | B40: 5 lIter | C40: 5 lIter | D40: #N/A | E40: #N/A | F40: SC | G40: BRXL250 SC Bromotril 250 SC NL [5 5LT NL | H40: 0 | I40: AGAN-42-P-03 | J40: 42
A41: 10000000274 | B41: 10\20 liter | C41: 20 | D41: #N/A | E41: #N/A | F41: SC | G41: BRXL250 SC BROMOTRIL 20L SLOV 20LT SK | H41: 0 | I41: AGAN-42-P-04 | J41: 42
A42: 10000000275 | B42: 10\20 liter | C42: 10 | D42: #N/A | E42: #N/A | F42: SC | G42: BRXL500 SC BROMOTRIL P 50SC S.A 10LT ZA | H42: 0 | I42: AGAN-42-P-04 | J42: 42
A43: 10000000276 | B43: 5 lIter | C43: 5 lIter | D43: #N/A | E43: #N/A | F43: EC | G43: BRXL400 EC Bromotril 40 EC 5-1 5LT HU | H43: 0 | I43: AGAN-42-P-03 | J43: 42
A44: 10000000277 | B44: 10\20 liter | C44: 10 | D44: #N/A | E44: #N/A | F44: EC | G44: BRXL400 EC Sunflex 40 EC 10-1 10LT HU | H44: 0 | I44: AGAN-42-P-04 | J44: 42
A45: 10000000278 | B45: 10\20 liter | C45: 5 | D45: #N/A | E45: #N/A | F45: SC | G45: BRXL150+TBAZ330 SC BROMOTRIL T 2 10LT ZA | H45: 0 | I45: AGAN-42-P-04 | J45: 42
A46: 10000000281 | B46: 10 | C46: 10 | D46: #N/A | E46: #N/A | F46: WG | G46: CPRL300 SL Longan, SL (300 g/l) 10LT RU | H46: 16 | I46: AGAN-19-F-12 | J46: 42
A47: 10000000284 | B47: 1 liter | C47: 5 | D47: #N/A | E47: #N/A | F47: EC | G47: CLTD120 EC Arrow Super 1 L 1LT IL | H47: 0 | I47: AGAN-42-P-02 | J47: 42
A48: 10000000285 | C48: 23 | G48: CLDF240+CLQT60 EC CLODINAGAN 20 200LT TR | J48: 23
A49: 10000000286 | B49: 1 liter | C49: 1 liter | D49: #N/A | E49: #N/A | F49: EC | G49: CLTD120 EC DILER 1LT SERBIA 1LT RS | H49: 0 | I49: AGAN-42-P-02 | J49: 42
A50: 10000000287 | B50: 5 lIter | C50: 5 lIter | D50: #N/A | E50: #N/A | F50: EC | G50: CLTD120 EC Arrow Super 5 L 5LT IL | H50: 0 | I50: AGAN-42-P-03 | J50: 42
A51: 10000000288 | C51: 23 | G51: CLDF80+CLQT20 EC LADDER ALL IN 1000LT CA | J51: 23
A52: 10000000289 | B52: 5 lIter | C52: 5 lIter | D52: CLODINAFOP-PROPARGYL | E52: Class 3 | F52: EC | G52: CLTD120 EC DILER 5LT SERBIA 5LT RS | H52: 0 | I52: AGAN-42-P-03 | J52: 42
A53: 10000000290 | B53: 5 lIter | C53: 5 lIter | D53: #N/A | E53: #N/A | F53: EC | G53: CLTD120 EC POQUER 12 EC 5L SA 5LT ZA | H53: 0 | I53: AGAN-42-P-03 | J53: 42
A54: 10000000291 | B54: 10\20 liter | C54: 5 | D54: #N/A | E54: #N/A | F54: EC | G54: CLTD120 EC POQUER 12 EC 10L RSA 10LT ZA | H54: 0 | I54: AGAN-42-P-04 | J54: 42
A55: 10000000292 | B55: 10\20 liter | C55: 5 | D55: #N/A | E55: #N/A | F55: EC | G55: CLTD120 EC ADAMA ARROW LPU 10LT AR | H55: 0 | I55: AGAN-42-P-04 | J55: 42
A56: 10000000323 | C56: 10 | D56: #N/A | E56: #N/A | F56: EC | G56: CLTN400+DIFF25 SC CONSTEL 10LT FR | H56: 8 | I56: AGAN-23-F-09 | J56: 42
A57: 10000000324 | B57: 0.5 | C57: 10 | D57: #N/A | E57: #N/A | F57: EC | G57: CLTN400+DIFF25 SC VARIA 10 LT 10LT FR | H57: 8 | I57: AGAN-23-F-03 | J57: 42
A58: 10000000326 | C58: 20 | D58: #N/A | E58: #N/A | F58: EC | G58: CLTN400+DIFF25 SC CONSTEL 20LT B 20LT BG | H58: 8 | I58: AGAN-23-F-05 | J58: 42
A59: 10000000338 | B59: 1 liter | C59: 5 | D59: #N/A | E59: #N/A | F59: EC | G59: CLMZ480 EC KALIF 1L POLAND 1LT PL | H59: 0 | I59: AGAN-42-P-02 | J59: 42
A60: 10000000339 | B60: 1 liter | C60: 5 | D60: #N/A | E60: #N/A | F60: EC | G60: CLMZ480 EC KALIF 48 12X1 SERBIA 1LT RS | H60: 0 | I60: AGAN-42-P-02 | J60: 42
A61: 10000000340 | B61: 1 liter | C61: 5 | D61: #N/A | E61: #N/A | F61: EC | G61: CLMZ480 EC KALIF 1LIT CROATIA 1LT HR | H61: 0 | I61: AGAN-42-P-02 | J61: 42
A62: 10000000341 | B62: 1 liter | C62: 5 | D62: #N/A | E62: #N/A | F62: EC | G62: CLMZ480 EC KALIF 480 EC 1 L [1.00 1LT RO | H62: 0 | I62: AGAN-42-P-02 | J62: 42
A63: 10000000342 | B63: 10 | C63: 10 | D63: #N/A | E63: #N/A | F63: EC | G63: CLTN250+DIFF40+PNDM300 SC Trinit 10LT DE | H63: 0 | I63: AGAN-42-P-02 | J63: 42
A64: 10000000343 | B64: 5 lIter | C64: 5 | D64: #N/A | E64: #N/A | F64: EC | G64: CLMZ480 EC Kalif EC 5LT UA | H64: 0 | I64: AGAN-42-P-03 | J64: 42
A65: 10000000344 | B65: 5 lIter | C65: 5 | D65: #N/A | E65: #N/A | F65: EC | G65: CLMZ480 EC Kalif 480 EC BY 5LT BY | H65: 0 | I65: AGAN-42-P-03 | J65: 42
A66: 10000000345 | B66: 10\20 liter | C66: 10 | D66: #N/A | E66: #N/A | F66: EC | G66: CLMZ480 EC KALIF 48 CA 10LT CAM | H66: 0 | I66: AGAN-42-P-04 | J66: 42
A67: 10000000346 | B67: 10\20 liter | C67: 10 | D67: #N/A | E67: #N/A | F67: EC | G67: CLMZ480 EC KALIF 48EC 20LT KENYA 20LT KE | H67: 0 | I67: AGAN-42-P-04 | J67: 42
A68: 10000000347 | B68: 10\20 liter | C68: 10 | D68: #N/A | E68: #N/A | F68: EC | G68: CLMZ480 EC KALIF 48 EC 20LT ZA | H68: 0 | I68: AGAN-42-P-04 | J68: 42
A69: 10000000350 | C69: 28 | G69: CLTN250+DIFF40+PNDM300 SC DFF4+ 200LT ES | J69: 28
A70: 10000000358 | C70: 10 | D70: #N/A | E70: #N/A | F70: EC | G70: DIFF40+PNDM400 SC CODIX 10 LT 10LT FR | H70: 8 | I70: AGAN-23-F-06 | J70: 42
A71: 10000000362 | B71: 1 liter | C71: 1 | D71: #N/A | E71: #N/A | F71: ZC | G71: CLMZ33+MTZC250 ZC KALIF MEGA 2 X1 1LT HR | H71: 0 | I71: AGAN-42-P-02 | J71: 42
A72: 10000000363 | C72: 28 | G72: DIFF40+PNDM400 SC DIFLUF4O+PEND 200LT ES | J72: 28
A73: 10000000364 | B73: 5 lIter | C73: 5 lIter | D73: #N/A | E73: #N/A | F73: ZC | G73: CLMZ33+MTZC250 ZC Bengala 4x5 L D 5LT DE | H73: 0 | I73: AGAN-42-P-03 | J73: 42
A74: 10000000365 | B74: 5 lIter | C74: 5 lIter | D74: #N/A | E74: #N/A | F74: ZC | G74: CLMZ33+MTZC250 ZC KALIF MEGA ZC 5 5LT BG | H74: 0 | I74: AGAN-42-P-03 | J74: 42
A75: 10000000366 | B75: 5 lIter | C75: 5 lIter | D75: #N/A | E75: #N/A | F75: ZC | G75: CLMZ33+MTZC250 ZC GALA 5LT SWITZE 5LT CH | H75: 0 | I75: AGAN-42-P-03 | J75: 42
A76: 10000000367 | B76: 5 lIter | C76: 5 lIter | D76: #N/A | E76: #N/A | F76: ZC | G76: CLMZ33+MTZC250 ZC KALIF MEGA 5LT 5LT HR | H76: 0 | I76: AGAN-42-P-03 | J76: 42
A77: 10000000368 | B77: 5 lIter | C77: 5 | D77: #N/A | E77: #N/A | F77: ZC | G77: CLMZ33+MTZC250 ZC SULTAN COMPLET 5LT RO | H77: 0 | I77: AGAN-42-P-03 | J77: 42
A78: 10000000369 | B78: 5 lIter | C78: 5 lIter | D78: #N/A | E78: #N/A | F78: ZC | G78: CLMZ33+MTZC250 ZC Kalif Mega 280 5LT BY | H78: 0 | I78: AGAN-42-P-03 | J78: 42
A79: 10000000370 | B79: 10\20 liter | C79: 1 | D79: #N/A | E79: #N/A | F79: ZC | G79: CLMZ33+MTZC250 ZC Kalif Mega ZC 10LT UA | H79: 0 | I79: AGAN-42-P-04 | J79: 42
A80: 10000000371 | B80: 10\20 liter | C80: 5 | D80: #N/A | E80: #N/A | F80: ZC | G80: CLMZ33+MTZC250 ZC Kalif Mega 28 10LT BLT | H80: 0 | I80: AGAN-42-P-04 | J80: 42
A81: 10000000372 | B81: 10\20 liter | C81: 5 | D81: #N/A | E81: #N/A | F81: SL | G81: CPRL300 SL Longan. SL (300 g-l) 10LT RU | H81: 0 | I81: AGAN-42-P-04 | J81: 42
A82: 10000000373 | B82: 1 liter | C82: 1 liter | D82: #N/A | E82: #N/A | F82: EC | G82: CLDF240+CLQT60 EC Sword 12x1L DE 1LT DE | H82: 0 | I82: AGAN-42-P-02 | J82: 42
A83: 10000000374 | B83: 1 liter | C83: 1 liter | D83: #N/A | E83: #N/A | F83: EC | G83: CLDF240+CLQT60 EC CLODINA24 1lt 1LT ZA | H83: 0 | I83: AGAN-42-P-02 | J83: 42
A84: 10000000375 | B84: 5 lIter | C84: 5 lIter | D84: #N/A | E84: #N/A | F84: EC | G84: CLDF240+CLQT60 EC CLODINAGAN 24 4 5LT ZA | H84: 0 | I84: AGAN-42-P-03 | J84: 42
A85: 10000000377 | C85: 19 | G85: DRON800 WG KARMEX DF 25LB U 11.35KG US | J85: 19
A86: 10000000378 | C86: 19P | G86: DRON800 WG KARMEX DF 5LB USA 2.27KG US | J86: 19P
A87: 10000000379 | C87: 19 | G87: DRON800 WG KARMEX 500KG BB USA 500KG US | J87: 19
A88: 10000000381 | B88: 1 liter | C88: 1 liter | D88: #N/A | E88: #N/A | F88: EC | G88: CLDF100+CLQT25 EC Atops 1 L carto 1LT IL | H88: 0 | I88: AGAN-42-P-02 | J88: 42
A89: 10000000382 | B89: 5 lIter | C89: 5 lIter | D89: #N/A | E89: #N/A | F89: EC | G89: CLDF100+CLQT25 EC Atops 4 X 5 L 5LT IL | H89: 0 | I89: AGAN-42-P-03 | J89: 42
A90: 10000000391 | B90: 1 liter | C90: 1 liter | D90: #N/A | E90: #N/A | F90: SC | G90: FMTR500 SC COTTORAN 1LT TZ | H90: 0 | I90: AGAN-42-P-02 | J90: 42
A91: 10000000392 | B91: 5 lIter | C91: 5 lIter | D91: #N/A | E91: #N/A | F91: SC | G91: FMTR500 SC COTTOGAN 5LT IL | H91: 0 | I91: AGAN-42-P-03 | J91: 42
A92: 10000000393 | B92: 5 lIter | C92: 5 | D92: #N/A | E92: #N/A | F92: SC | G92: FMTR500 SC COTTONEX 5LT TR | H92: 0 | I92: AGAN-42-P-03 | J92: 42
A93: 10000000394 | B93: 10\20 liter | C93: 20 | D93: #N/A | E93: #N/A | F93: SC | G93: FMTR500 SC COTTONEX 10LT GR | H93: 0 | I93: AGAN-42-P-04 | J93: 42
A94: 10000000395 | B94: 10\20 liter | C94: 20 | D94: #N/A | E94: #N/A | F94: SC | G94: FMTR500 SC COTTONEX 10LT TR | H94: 0 | I94: AGAN-42-P-04 | J94: 42
A95: 10000000396 | B95: 1 liter | C95: 1 | D95: #N/A | E95: #N/A | F95: SC | G95: FMTR250+GLYP60+PMRN250 SC COTTONE 1LT BJ | H95: 0 | I95: AGAN-42-P-02 | J95: 42
A96: 10000000397 | C96: 28 | G96: DRON800 SC DIUREX 80 SC 200LT GT | J96: 28
A97: 10000000398 | C97: 19 | G97: DRON800 WG KARMEX 500 KG MEXICO 500KG MX | J97: 19
A98: 10000000400 | C98: 19 | G98: DRON800 WG KARMEX 80WG 15KG JP | J98: 19
A99: 10000000401 | C99: 19P | G99: DRON540+HZNN67 WG JUMP 5KG BRASIL 5KG BR | J99: 19P
A100: 10000000402 | C100: 19P | G100: DRON800 WG DIUR80 WDG 10X5LB 2.27KG US | J100: 19P
...

Sheet 42
A1: Storage Location | B1: (ריק)
A3: תוויות שורה | B3: סכום של Delivered quantity (GMEIN)
A4: #N/A
A5: (ריק)
A6: (ריק)
A7: (ריק)
A8: סכום כולל

Sheet Sum
A1: =TODAY() -> 46236 | B1: Production Report Aug 2026
A2: 1 | B2: Capacity | C2: Plan | D2: Production | E2: % Achievement | F2: Req. t/d | G2: Req. t/d | H2: Last day | I2: Last day | J2: Need days | K2: Adjusted Req. t/d | L2: Adjusted Req. t/d | M2: Actual t/d | N2: %Rate | O2: %Rate | Q2: New Adherence | R2: Recycling Plan | S2: Recycled | T2: For Packing | U2: Restricted - recycling | V2: Restricted – risk for disposal | W2: Contaminated Internal Use | X2: Remarks | Z2: Month progress | AA2: Month progress | AB2: start date | AC2: end date | AE2: Production days remaining | AF2: production days | AG2: Reduced working days | AH2: ability | AP2: % | AQ2: AVERAGE | AR2: 46235
A3: EC(25,23) | C3: =C4+C21 -> 650 | D3: =D4+D21 -> 44.456 | E3: =IFERROR(D3/C3,0) -> 0.068393846 | G3: =C3/(AC3-AB3+1) -> 20.967742 | I3: =I4+I21 -> 44.456 | L3: =IF(AD3>0,(C3-D3)/(AC3-$A$2),0) -> 20.1848 | M3: =D3/$A$2 -> 44.456 | O3: =IFERROR(E3/AA3,0) -> 1.9150277 | Y3: 28 | AA3: =IF(AB3=1,$A$2/Y3,($A$2-AB3)/(Y3-AB3)) -> 0.035714286 | AB3: 1 | AC3: 31 | AD3: =($A$2-(AB3-1))*(C3-D3) -> 605.544 | AI3: 3920 | AJ3: =D3 -> 44.456 | AK3: =4062-1400 -> 2662 | AL3: =AI3-AJ3-AK3 -> 1213.544 | AM3: =SUM(AK3+AJ3)/AI3 -> 0.69042245
A4: EC (23) | B4: 1000 | C4: 500 | D4: =sumif!C36 -> 44.456 | E4: =IFERROR(D4/C4,0) -> 0.088912 | F4: =C4/J4 -> 53 | G4: =(C4-D4)/(AC4-$A$2) -> 15.1848 | H4: =I4 -> 44.456 | I4: =sumif!B36 -> 44.456 | J4: =C4/AH4 -> 9.4339623 | K4: =(C4-D4)/(J4-AF4) -> 48.287664 | L4: =IFERROR((C4-D4)/AE4,0) -> 17.520923 | M4: =D4/$A$2 -> 44.456 | N4: =IFERROR(E4/Z4,0) -> 0 | O4: =IFERROR(E4/AA4,0) -> -0.15357527 | Q4: =MAX((1-ABS((D4-C4)/C4)),0) -> 0.088912 | R4: 12 | S4: =C4*O4 -> -76.787636 | T4: =sumif!E75/1000 -> 0 | U4: =sumif!F75/1000 -> 0 | Y4: 31 | Z4: =AF4/J4 -> 0 | AA4: =IF(AB4=1,$A$2/Y4,($A$2-AB4)/(Y4-AB4)) -> -0.57894737 | AB4: 12 | AC4: 31 | AD4: =($A$2-(AB4-1))*(C4-D4) -> -4555.44 | AE4: 26 | AF4: ='[1]EC (23)'!F1 -> 0 | AG4: =3*2 -> 6 | AH4: 53 | AP4: =IF(AQ4/G4,AQ4/G4,0) -> 2.9276645 | AQ4: =AVERAGE(AR4:AV4) -> 44.456 | AR4: 44.456
A5: LQ pack (42) | D5: =sumif!C37 -> 65 | E5: =IFERROR(D5/C5,0) -> 0 | F5: =C5/J5 -> #DIV/0! | G5: =(C5-D5)/(AC5-$A$2) -> -2.1666667 | H5: =I5 -> 65 | I5: =sumif!B37 -> 65 | J5: =C5/AH5 -> 0 | K5: =(C5-D5)/(J5-AF5) -> #DIV/0! | L5: =IFERROR((C5-D5)/AE5,0) -> -2.1666667 | M5: =D5/$A$2 -> 65 | N5: =IFERROR(E5/Z5,0) -> 0 | O5: =IFERROR(E5/AA5,0) -> 0 | Q5: =MAX((1-ABS((D5-C5)/C5)),0) -> #DIV/0! | S5: =C5*O5 -> 0 | T5: =sumif!E76 -> 0 | U5: =sumif!F76 -> 0 | Y5: 19 | Z5: =AF5/J5 -> #DIV/0! | AA5: =IF(AB5=1,$A$2/Y5,($A$2-AB5)/(Y5-AB5)) -> -1.5714286 | AB5: 12 | AC5: 31 | AD5: =($A$2-(AB5-1))*(C5-D5) -> 650 | AE5: 30 | AF5: ='[1]EC (23)'!F2 -> 0 | AG5: =3*2 -> 6 | AH5: 54 | AI5: 8100 | AJ5: =D5 -> 65 | AK5: =4613-C5 -> 4613 | AL5: =AI5-AK5 -> 3487 | AM5: =SUM(AK5+AJ5)/AI5 -> 0.57753086 | AP5: =IF(AQ5/G5,AQ5/G5,0) -> -30 | AQ5: =AVERAGE(AR5:AV5) -> 65 | AR5: 65
A6: Shaked iso (42+23) | B6: 240 | C6: 0 | D6: =sumif!C34 -> 0 | E6: =IFERROR(D6/C6,0) -> 0 | F6: =C6/J6 -> #DIV/0! | G6: =(C6-D6)/(AC6-$A$2) -> 0 | H6: =I6 -> 0 | I6: =sumif!B34 -> 0 | J6: =C6/AH6 -> 0 | K6: =(C6-D6)/(J6-AF6) -> #DIV/0! | L6: =IFERROR((C6-D6)/AE6,0) -> 0 | M6: =D6/$A$2 -> 0 | N6: =IFERROR(E6/Z6,0) -> 0 | O6: =IFERROR(E6/AA6,0) -> 0 | Q6: =MAX((1-ABS((D6-C6)/C6)),0) -> #DIV/0! | S6: =C6*O6 -> 0 | T6: =sumif!E215/1000 -> 0 | U6: =sumif!F215/1000 -> 0 | Y6: 19 | Z6: =AF6/J6 -> #DIV/0! | AA6: =IF(AB6=1,$A$2/Y6,($A$2-AB6)/(Y6-AB6)) -> -1.5714286 | AB6: 12 | AC6: 31 | AD6: =($A$2-(AB6-1))*(C6-D6) -> 0 | AE6: 26 | AF6: ='[1]EC (23)'!F3 -> 0 | AG6: =3*2 -> 6 | AH6: 55 | AP6: =IF(AQ6/G6,AQ6/G6,0) -> #DIV/0! | AQ6: =AVERAGE(AR6:AV6) -> 0 | AR6: 0
A7: Galigan iso (42) | B7: 120 | C7: 144 | D7: =sumif!C42 -> 0 | E7: =IFERROR(D7/C7,0) -> 0 | F7: =C7/J7 -> #DIV/0! | G7: =(C7-D7)/(AC7-$A$2) -> 4.8 | I7: =sumif!B42 -> 0 | L7: =IFERROR((C7-D7)/AE7,0) -> 5.5384615 | M7: =D7/$A$2 -> 0 | N7: =IFERROR(E7/Z7,0) -> 0 | O7: =IFERROR(E7/AA7,0) -> 0 | Q7: =MAX((1-ABS((D7-C7)/C7)),0) -> 0 | S7: =C7*O7 -> 0 | T7: =sumif!E155/1000 -> 0 | U7: =sumif!F155/1000 -> 0 | Y7: 19 | Z7: =AF7/J7 -> #DIV/0! | AA7: =IF(AB7=1,$A$2/Y7,($A$2-AB7)/(Y7-AB7)) -> -1.5714286 | AB7: 12 | AC7: 31 | AD7: =($A$2-(AB7-1))*(C7-D7) -> -1440 | AE7: 26 | AF7: ='[1]EC (23)'!F4 -> 0 | AG7: =3*2 -> 6 | AH7: 56 | AP7: =IF(AQ7/G7,AQ7/G7,0) -> 0 | AQ7: =AVERAGE(AR7:AV7) -> 0 | AR7: 0
A8: LQ 1lt (42) | B8: =18*30 -> 540 | C8: 20 | D8: =sumif!C30 -> 0 | E8: =IFERROR(D8/C8,0) -> 0 | F8: =C8/J8 -> 3 | G8: =(C8-D8)/(AC8-$A$2) -> 0.66666667 | H8: =I8 -> 0 | I8: =sumif!B30 -> 0 | J8: =C8/AH8 -> 6.6666667 | K8: =(C8-D8)/(J8-AF8) -> 3 | L8: =IFERROR((C8-D8)/AE8,0) -> 0.76923077 | M8: =D8/$A$2 -> 0 | N8: =IFERROR(E8/Z8,0) -> 0 | O8: =IFERROR(E8/AA8,0) -> 0 | Q8: =MAX((1-ABS((D8-C8)/C8)),0) -> 0 | S8: =C8*O8 -> 0 | T8: =sumif!E55/1000 -> 0 | U8: =sumif!F55/1000 -> 0 | Y8: 31 | Z8: =AF8/J8 -> 0 | AA8: =IF(AB8=1,$A$2/Y8,($A$2-AB8)/(Y8-AB8)) -> -0.57894737 | AB8: 12 | AC8: 31 | AD8: =($A$2-(AB8-1))*(C8-D8) -> -200 | AE8: 26 | AF8: ='[1]1 lt '!F1 -> 0 | AH8: 3 | AP8: =IF(AQ8/G8,AQ8/G8,0) -> 0 | AQ8: =AVERAGE(AR8:AV8) -> 0 | AR8: 0
A9: LQ 5 lt (42) | B9: =45*30 -> 1350 | C9: 250 | D9: =sumif!C29-D11 -> 0 | E9: =IFERROR(D9/C9,0) -> 0 | F9: =C9/J9 -> 45 | G9: =(C9-D9)/(AC9-$A$2) -> 8.3333333 | H9: =I9 -> 0 | I9: =sumif!B29-I11 -> 0 | J9: =C9/AH9 -> 5.5555556 | K9: =(C9-D9)/(J9-AF9) -> 45 | L9: =IFERROR((C9-D9)/AE9,0) -> 9.6153846 | M9: =D9/$A$2 -> 0 | N9: =IFERROR(E9/Z9,0) -> 0 | O9: =IFERROR(E9/AA9,0) -> 0 | Q9: =MAX((1-ABS((D9-C9)/C9)),0) -> 0 | S9: =C9*O9 -> 0 | T9: =sumif!E60/1000 -> 0 | U9: =sumif!F60/1000 -> 0 | Y9: 31 | Z9: =AF9/J9 -> 0 | AA9: =IF(AB9=1,$A$2/Y9,($A$2-AB9)/(Y9-AB9)) -> -0.57894737 | AB9: 12 | AC9: 31 | AD9: =($A$2-(AB9-1))*(C9-D9) -> -2500 | AE9: 26 | AF9: ='[1]5 lt'!F1 -> 0 | AH9: 45 | AP9: =IF(AQ9/G9,AQ9/G9,0) -> 0 | AQ9: =AVERAGE(AR9:AV9) -> 0 | AR9: 0
A10: LQ 10/20 lt (42) | B10: =45*30 -> 1350 | C10: 362 | D10: =sumif!C33 -> 0 | E10: =IFERROR(D10/C10,0) -> 0 | F10: =C10/J10 -> 45 | G10: =(C10-D10)/(AC10-$A$2) -> 12.066667 | H10: =I10 -> 0 | I10: =sumif!B33 -> 0 | J10: =C10/AH10 -> 8.0444444 | K10: =(C10-D10)/(J10-AF10) -> 45 | L10: =IFERROR((C10-D10)/AE10,0) -> 13.923077 | M10: =D10/$A$2 -> 0 | N10: =IFERROR(E10/Z10,0) -> 0 | O10: =IFERROR(E10/AA10,0) -> 0 | Q10: =MAX((1-ABS((D10-C10)/C10)),0) -> 0 | S10: =C10*O10 -> 0 | T10: =sumif!E65/1000 -> 0 | U10: =sumif!F65/1000 -> 0 | Y10: 31 | Z10: =AF10/J10 -> 0 | AA10: =IF(AB10=1,$A$2/Y10,($A$2-AB10)/(Y10-AB10)) -> -0.57894737 | AB10: 12 | AC10: 31 | AD10: =($A$2-(AB10-1))*(C10-D10) -> -3620 | AE10: 26 | AF10: ='[1]10 lt'!F6 -> 0 | AH10: 45 | AP10: =IF(AQ10/G10,AQ10/G10,0) -> 0 | AQ10: =AVERAGE(AR10:AV10) -> 0 | AR10: 0
A11: MCW | C11: 600 | D11: =sumif!C43 -> 0 | E11: =IFERROR(D11/C11,0) -> 0 | I11: =sumif!B43 -> 0 | O11: =IFERROR(E11/AA11,0) -> 0 | Q11: =MAX((1-ABS((D11-C11)/C11)),0) -> 0 | S11: =C11*O11 -> 0 | Y11: 31 | AB11: 12 | AC11: 31 | AE11: 26 | AQ11: =AVERAGE(AR11:AV11) -> 0 | AR11: 0
A12: LQ 43 | B12: =26*22 -> 572 | D12: =sumif!C44 -> 0 | E12: =IFERROR(D12/C12,0) -> 0 | F12: =C12/J12 -> #DIV/0! | G12: =(C12-D12)/(AC12-$A$2) -> 0 | I12: =sumif!B44 -> 0 | L12: =IFERROR((C12-D12)/AE12,0) -> 0 | M12: =D12/$A$2 -> 0 | O12: =IFERROR(E12/AA12,0) -> 0 | Q12: =MAX((1-ABS((D12-C12)/C12)),0) -> #DIV/0! | S12: =C12*O12 -> 0 | X12: ממתין לאישור הפעלה | Y12: 31 | Z12: =AF12/J12 -> #DIV/0! | AA12: =IF(AB12=1,$A$2/Y12,($A$2-AB12)/(Y12-AB12)) -> -0.57894737 | AB12: 12 | AC12: 31 | AD12: =($A$2-(AB12-1))*(C12-D12) -> 0 | AE12: 26 | AF12: ='[1]10 lt'!F7 -> 0 | AH12: 46 | AP12: =IF(AQ12/G12,AQ12/G12,0) -> #DIV/0! | AQ12: =AVERAGE(AR12:AV12) -> 0 | AR12: 0
A13: SC (28) | B13: 1600 | C13: 1550 | D13: =sumif!C37-D14 -> 65 | E13: =IFERROR(D13/C13,0) -> 0.041935484 | F13: =C13/J13 -> 76 | G13: =(C13-D13)/(AC13-$A$2) -> 49.5 | H13: =I13 -> 65 | I13: =sumif!B37-I14 -> 65 | J13: =C13/AH13 -> 20.394737 | K13: =(C13-D13)/(J13-AF13) -> 72.812903 | L13: =IFERROR((C13-D13)/AE13,0) -> 57.115385 | M13: =D13/$A$2 -> 65 | N13: =O13 -> -0.072434018 | O13: =IFERROR(E13/AA13,0) -> -0.072434018 | Q13: =MAX((1-ABS((D13-C13)/C13)),0) -> 0.041935484 | R13: 180 | S13: =C13*O13 -> -112.27273 | T13: =sumif!E90/1000 -> 0 | U13: =sumif!F90/1000 -> 0 | Y13: 31 | Z13: =AA13 -> -0.57894737 | AA13: =IF(AB13=1,$A$2/Y13,($A$2-AB13)/(Y13-AB13)) -> -0.57894737 | AB13: 12 | AC13: 31 | AD13: =($A$2-(AB13-1))*(C13-D13) -> -14850 | AE13: 26 | AH13: =19*4 -> 76 | AI13: 5887 | AJ13: =D13 -> 65 | AK13: =5265-1600 -> 3665 | AL13: =AI13-AK13 -> 2222 | AM13: =SUM(AK13+AJ13)/AI13 -> 0.63359946 | AP13: =IF(AQ13/G13,AQ13/G13,0) -> 1.3131313 | AQ13: =AVERAGE(AR13:AV13) -> 65 | AR13: 65
A14: NH | C14: 500 | D14: =sumif!C38 -> 0 | E14: =IFERROR(D14/C14,0) -> 0 | G14: =(C14-D14)/(AC14-$A$2) -> 16.666667 | I14: =sumif!B38 -> 0 | L14: =IFERROR((C14-D14)/AE14,0) -> 0 | M14: =D14/$A$2 -> 0 | O14: =IFERROR(E14/AA14,0) -> 0 | Q14: =MAX((1-ABS((D14-C14)/C14)),0) -> 0 | X14: תגבור פירמול בנאות חובב | Y14: 31 | AB14: 12 | AC14: 31 | AQ14: =AVERAGE(AR14:AV14) -> 0 | AR14: 0
A15: WG 19 | D15: =D16+D17 -> 0 | E15: =IFERROR(D15/C15,0) -> 0 | F15: =C15/(AC15-AB15+1) -> 0 | G15: =(C15-D15)/(AC15-$A$2) -> 0 | H15: =H16+H17 -> 0 | I15: =I16+I17 -> 0 | J15: =C15/AH15 -> #DIV/0! | K15: =(C15-D15)/AE15 -> 0 | L15: =IFERROR((C15-D15)/AE15,0) -> 0 | M15: =D15/$A$2 -> 0 | N15: =O15 -> 0 | O15: =IFERROR(E15/AA15,0) -> 0 | Q15: =MAX((1-ABS((D15-C15)/C15)),0) -> #DIV/0! | S15: =C15*O15 -> 0 | T15: =sumif!E83 -> 0 | U15: =sumif!F83 -> 0 | Y15: 31 | Z15: =AA15 -> -0.57894737 | AA15: =IF(AB15=1,$A$2/Y15,($A$2-AB15)/(Y15-AB15)) -> -0.57894737 | AB15: 12 | AC15: 31 | AD15: =($A$2-(AB15-1))*(C15-D15) -> 0 | AE15: 26 | AP15: =IF(AQ15/G15,AQ15/G15,0) -> #DIV/0! | AQ15: =AVERAGE(AR15:AV15) -> 0 | AR15: 0
A16: WG (19) | B16: 1500 | C16: 480 | D16: 0 | E16: =IFERROR(D16/C16,0) -> 0 | F16: =C16/(AC16-AB16+1) -> 24 | G16: =(C16-D16)/(AC16-$A$2) -> 16 | H16: =I16 -> 0 | I16: 0 | J16: =C16/AH16 -> 22.857143 | K16: =(C16-D16)/AE16 -> 18.461538 | L16: =IFERROR((C16-D16)/AE16,0) -> 18.461538 | M16: =D16/$A$2 -> 0 | N16: =O16 -> 0 | O16: =IFERROR(E16/AA16,0) -> 0 | Q16: =MAX((1-ABS((D16-C16)/C16)),0) -> 0 | R16: 60 | S16: =C16*O16 -> 0 | T16: =sumif!E50/1000 -> 0 | U16: =sumif!F50/1000 -> 0 | Y16: 31 | Z16: =AA16 -> -0.57894737 | AA16: =IF(AB16=1,$A$2/Y16,($A$2-AB16)/(Y16-AB16)) -> -0.57894737 | AB16: 12 | AC16: 31 | AD16: =($A$2-(AB16-1))*(C16-D16) -> -4800 | AE16: 26 | AH16: 21 | AI16: 3750 | AJ16: =D16 -> 0 | AK16: =4232-1200 -> 3032 | AL16: =AI16-AK16 -> 718 | AM16: =SUM(AK16+AJ16)/AI16 -> 0.80853333 | AP16: =IF(AQ16/G16,AQ16/G16,0) -> 0 | AQ16: =AVERAGE(AR16:AV16) -> 0 | AR16: 0
A17: WG small packs (19) | B17: 750 | C17: 150 | D17: 0 | E17: =IFERROR(D17/C17,0) -> 0 | F17: =C17/(AC17-AB17+1) -> 7.5 | G17: =(C17-D17)/(AC17-$A$2) -> 5 | H17: =I17 -> 0 | I17: 0 | J17: =C17/AH17 -> 7.1428571 | K17: =(C17-D17)/AE17 -> 5.7692308 | L17: =IFERROR((C17-D17)/AE17,0) -> 5.7692308 | M17: =D17/$A$2 -> 0 | N17: =O17 -> 0 | O17: =IFERROR(E17/AA17,0) -> 0 | Q17: =MAX((1-ABS((D17-C17)/C17)),0) -> 0 | S17: =C17*O17 -> 0 | T17: =sumif!E85/1000 -> 0 | U17: =sumif!F85/1000 -> 0 | Y17: 31 | Z17: =AA17 -> -0.57894737 | AA17: =IF(AB17=1,$A$2/Y17,($A$2-AB17)/(Y17-AB17)) -> -0.57894737 | AB17: 12 | AC17: 31 | AD17: =($A$2-(AB17-1))*(C17-D17) -> -1500 | AE17: 26 | AH17: 21 | AI17: 2955 | AJ17: =D17 -> 0 | AK17: =2167-500 -> 1667 | AL17: =AI17-AK17 -> 1288 | AM17: =SUM(AK17+AJ17)/AI17 -> 0.5641286 | AP17: =IF(AQ17/G17,AQ17/G17,0) -> 0 | AQ17: =AVERAGE(AR17:AV17) -> 0 | AR17: 0
A18: 24F128 | B18: 180 | C18: 146 | D18: =sumif!C40 -> 0 | E18: =IFERROR(D18/C18,0) -> 0 | G18: =(C18-D18)/(AC18-$A$2) -> 4.8666667 | I18: =sumif!B40 -> 0 | O18: =IFERROR(E18/AA18,0) -> 0 | Q18: =MAX((1-ABS((D18-C18)/C18)),0) -> 0 | S18: =C18*O18 -> 0 | Y18: 31 | AA18: =IF(AB18=1,$A$2/Y18,($A$2-AB18)/(Y18-AB18)) -> -0.57894737 | AB18: 12 | AC18: 31 | AD18: =($A$2-(AB18-1))*(C18-D18) -> -1460 | AP18: =IF(AQ18/G18,AQ18/G18,0) -> 0 | AQ18: =AVERAGE(AR18:AV18) -> 0 | AR18: 0
A19: 24F | B19: 180 | C19: 180 | D19: =sumif!C39 -> 5.37 | E19: =IFERROR(D19/C19,0) -> 0.029833333 | F19: =C19/(AC19-AB19+1) -> 9 | G19: =IFERROR((C19-D19)/(AC19-$A$2),0) -> 5.821 | H19: =I19 -> 5.37 | I19: =sumif!B39 -> 5.37 | J19: =C19/AH19 -> 25.714286 | K19: =(C19-D19)/AE19 -> 6.7165385 | L19: =IFERROR((C19-D19)/AE19,0) -> 6.7165385 | M19: =D19/$A$2 -> 5.37 | N19: =O19 -> -0.051530303 | O19: =IFERROR(E19/AA19,0) -> -0.051530303 | Q19: =MAX((1-ABS((D19-C19)/C19)),0) -> 0.029833333 | S19: =C19*O19 -> -9.2754545 | T19: =sumif!E80/1000 -> 0 | U19: =sumif!F80/1000 -> 0 | Y19: 31 | Z19: =AA19 -> -0.57894737 | AA19: =IF(AB19=1,$A$2/Y19,($A$2-AB19)/(Y19-AB19)) -> -0.57894737 | AB19: 12 | AC19: 31 | AD19: =($A$2-(AB19-1))*(C19-D19) -> -1746.3 | AE19: 26 | AH19: 7 | AI19: 510 | AJ19: =D19 -> 5.37 | AK19: 256 | AL19: =AI19-AK19 -> 254 | AM19: =SUM(AK19+AJ19)/AI19 -> 0.5124902 | AP19: =IFERROR(IF(AQ19/G19,AQ19/G19,0),0) -> 0.9225219 | AQ19: =AVERAGE(AR19:AV19) -> 5.37 | AR19: 5.37
A20: LRH Pack(24) | B20: 420 | C20: 0 | D20: =sumif!C41 -> 0 | E20: =IFERROR(D20/C20,0) -> 0 | F20: =C20/(AC20-AB20+1) -> 0 | G20: =(C20-D20)/(AC20-$A$2) -> 0 | H20: =I20 -> 0 | I20: =sumif!B41 -> 0 | K20: =(C20-D20)/AE20 -> 0 | L20: =IFERROR((C20-D20)/AE20,0) -> 0 | M20: =D20/$A$2 -> 0 | N20: =O20 -> 0 | O20: =IFERROR(E20/AA20,0) -> 0 | Q20: =MAX((1-ABS((D20-C20)/C20)),0) -> #DIV/0! | S20: =C20*O20 -> 0 | T20: =sumif!E85/1000 -> 0 | U20: =sumif!F85/1000 -> 0 | X20: אריזה במתקן 42 | Y20: 31 | Z20: =AA20 -> -0.57894737 | AA20: =IF(AB20=1,$A$2/Y20,($A$2-AB20)/(Y20-AB20)) -> -0.57894737 | AB20: 12 | AC20: 31 | AD20: =($A$2-(AB20-1))*(C20-D20) -> 0 | AE20: 26 | AI20: 518 | AJ20: =D20 -> 0 | AK20: 174 | AL20: =AI20-AK20 -> 344 | AM20: =SUM(AK20+AJ20)/AI20 -> 0.33590734 | AP20: =IF(AQ20/G20,AQ20/G20,0) -> #DIV/0! | AQ20: =AVERAGE(AR20:AV20) -> 0 | AR20: 0
A21: EC (25) | B21: =730+180 -> 910 | C21: 150 | D21: =sumif!C2 -> 0 | E21: =IFERROR(D21/C21,0) -> 0 | F21: =C21/(AC21-AB21+1) -> 7.5 | G21: =(C21-D21)/(AC21-$A$2) -> 5 | H21: =I21 -> 0 | I21: =sumif!B2 -> 0 | K21: =(C21-D21)/AE21 -> 5.7692308 | L21: =IFERROR((C21-D21)/AE21,0) -> 5.7692308 | M21: =D21/$A$2 -> 0 | N21: =O21 -> 0 | O21: =IFERROR(E21/AA21,0) -> 0 | Q21: =MAX((1-ABS((D21-C21)/C21)),0) -> 0 | R21: 50 | S21: =C21*O21 -> 0 | T21: =sumif!E130/1000 -> 0 | U21: =sumif!F130/1000 -> 0 | Y21: 31 | Z21: =AA21 -> -0.57894737 | AA21: =IF(AB21=1,$A$2/Y21,($A$2-AB21)/(Y21-AB21)) -> -0.57894737 | AB21: 12 | AC21: 31 | AD21: =($A$2-(AB21-1))*(C21-D21) -> -1500 | AE21: 26 | AP21: =IF(AQ21/G21,AQ21/G21,0) -> 0 | AQ21: =AVERAGE(AR21:AV21) -> 0 | AR21: 0
A22: Diuron (40) | B22: 900 | C22: 550 | D22: =sumif!C14 -> 26.4 | E22: =IFERROR(D22/C22,0) -> 0.048 | F22: =C22/(AC22-AB22+1) -> 27.5 | G22: =(C22-D22)/(AC22-$A$2) -> 17.453333 | H22: =I22 -> 26.4 | I22: =sumif!B14 -> 26.4 | K22: =(C22-D22)/AE22 -> 20.138462 | L22: =IFERROR((C22-D22)/AE22,0) -> 20.138462 | M22: =D22/$A$2 -> 26.4 | N22: =O22 -> -0.082909091 | O22: =IFERROR(E22/AA22,0) -> -0.082909091 | Q22: =MAX((1-ABS((D22-C22)/C22)),0) -> 0.048 | S22: =C22*O22 -> -45.6 | T22: =sumif!E125/1000 -> 0 | U22: =sumif!F125/1000 -> 0 | X22: מחסור ב DMA | Y22: 31 | Z22: =AA22 -> -0.57894737 | AA22: =IF(AB22=1,$A$2/Y22,($A$2-AB22)/(Y22-AB22)) -> -0.57894737 | AB22: 12 | AC22: 31 | AD22: =($A$2-(AB22-1))*(C22-D22) -> -5236 | AE22: 26 | AI22: 2470 | AJ22: =D22 -> 26.4 | AK22: 1098 | AL22: =AI22-AK22 -> 1372 | AM22: =SUM(AK22+AJ22)/AI22 -> 0.45522267 | AP22: =IF(AQ22/G22,AQ22/G22,0) -> 1.512605 | AQ22: =AVERAGE(AR22:AV22) -> 26.4 | AR22: 26.4
A23: Tolurex (40) | B23: 330 | C23: 260 | D23: =sumif!C15 -> 9.9 | E23: =IFERROR(D23/C23,0) -> 0.038076923 | F23: =C23/(AC23-AB23+1) -> 13 | G23: =(C23-D23)/(AC23-$A$2) -> 8.3366667 | H23: =I23 -> 9.9 | I23: =sumif!B15 -> 9.9 | K23: =(C23-D23)/AE23 -> 9.6192308 | L23: =IFERROR((C23-D23)/AE23,0) -> 9.6192308 | M23: =D23/$A$2 -> 9.9 | N23: =O23 -> -0.065769231 | O23: =IFERROR(E23/AA23,0) -> -0.065769231 | Q23: =MAX((1-ABS((D23-C23)/C23)),0) -> 0.038076923 | R23: 25 | S23: =C23*O23 -> -17.1 | T23: =sumif!E110/1000 -> 0 | U23: =sumif!F110/1000 -> 0 | Y23: 31 | Z23: =AA23 -> -0.57894737 | AA23: =IF(AB23=1,$A$2/Y23,($A$2-AB23)/(Y23-AB23)) -> -0.57894737 | AB23: 12 | AC23: 31 | AD23: =($A$2-(AB23-1))*(C23-D23) -> -2501 | AE23: 26 | AP23: =IF(AQ23/G23,AQ23/G23,0) -> 1.187525 | AQ23: =AVERAGE(AR23:AV23) -> 9.9 | AR23: 9.9
A24: Cottonex (25,40) | B24: 330 | C24: 0 | D24: =sumif!C22 -> 0 | E24: =IFERROR(D24/C24,0) -> 0 | F24: =C24/(AC24-AB24+1) -> 0 | G24: =(C24-D24)/(AC24-$A$2) -> 0 | H24: =I24 -> 0 | I24: =sumif!B22 -> 0 | K24: =(C24-D24)/AE24 -> 0 | L24: =IFERROR((C24-D24)/AE24,0) -> 0 | M24: =D24/$A$2 -> 0 | N24: =O24 -> 0 | O24: =IFERROR(E24/AA24,0) -> 0 | Q24: =MAX((1-ABS((D24-C24)/C24)),0) -> #DIV/0! | S24: =C24*O24 -> 0 | T24: =sumif!E145/1000 -> 0 | U24: =sumif!F145/1000 -> 0 | Y24: 31 | Z24: =AA24 -> -0.57894737 | AA24: =IF(AB24=1,$A$2/Y24,($A$2-AB24)/(Y24-AB24)) -> -0.57894737 | AB24: 12 | AC24: 31 | AD24: =($A$2-(AB24-1))*(C24-D24) -> 0 | AE24: 26 | AP24: =IF(AQ24/G24,AQ24/G24,0) -> #DIV/0! | AQ24: =AVERAGE(AR24:AV24) -> 0 | AR24: 0
A25: CS (25,40) | B25: 180 | C25: 78 | D25: =sumif!C6 -> 0 | E25: =IFERROR(D25/C25,0) -> 0 | F25: =C25/(AC25-AB25+1) -> 3.9 | G25: =(C25-D25)/(AC25-$A$2) -> 2.6 | H25: =I25 -> 0 | I25: =sumif!B6 -> 0 | K25: =(C25-D25)/AE25 -> 3 | L25: =IFERROR((C25-D25)/AE25,0) -> 3 | M25: =D25/$A$2 -> 0 | N25: =O25 -> 0 | O25: =IFERROR(E25/AA25,0) -> 0 | Q25: =MAX((1-ABS((D25-C25)/C25)),0) -> 0 | R25: 12 | S25: =C25*O25 -> 0 | T25: =sumif!E115/1000 -> 0 | U25: =sumif!F115/1000 -> 0 | Y25: 31 | Z25: =AA25 -> -0.57894737 | AA25: =IF(AB25=1,$A$2/Y25,($A$2-AB25)/(Y25-AB25)) -> -0.57894737 | AB25: 12 | AC25: 31 | AD25: =($A$2-(AB25-1))*(C25-D25) -> -780 | AE25: 26 | AI25: 384 | AJ25: =D25 -> 0 | AK25: 118 | AL25: =AI25-AK25 -> 266 | AM25: =SUM(AK25+AJ25)/AI25 -> 0.30729167 | AP25: =IF(AQ25/G25,AQ25/G25,0) -> 0 | AQ25: =AVERAGE(AR25:AV25) -> 0 | AR25: 0
A26: WP (40) | B26: 100 | C26: 0 | D26: =sumif!C7 -> 0 | E26: =IFERROR(D26/C26,0) -> 0 | F26: =C26/(AC26-AB26+1) -> 0 | G26: =(C26-D26)/(AC26-$A$2) -> 0 | H26: =I26 -> 0 | I26: =sumif!B7 -> 0 | K26: =(C26-D26)/AE26 -> 0 | L26: =IFERROR((C26-D26)/AE26,0) -> 0 | M26: =D26/$A$2 -> 0 | N26: =O26 -> 0 | O26: =IFERROR(E26/AA26,0) -> 0 | Q26: =MAX((1-ABS((D26-C26)/C26)),0) -> #DIV/0! | S26: =C26*O26 -> 0 | T26: =sumif!E226/1000 -> 0 | U26: =sumif!F226/1000 -> 0 | Y26: 31 | Z26: =AA26 -> -0.57894737 | AA26: =IF(AB26=1,$A$2/Y26,($A$2-AB26)/(Y26-AB26)) -> -0.57894737 | AB26: 12 | AC26: 31 | AD26: =($A$2-(AB26-1))*(C26-D26) -> 0 | AE26: 26 | AI26: 145 | AJ26: =D26 -> 0 | AK26: 66 | AL26: =AI26-AK26 -> 79 | AM26: =SUM(AK26+AJ26)/AI26 -> 0.45517241 | AP26: =IF(AQ26/G26,AQ26/G26,0) -> #DIV/0! | AQ26: =AVERAGE(AR26:AV26) -> 0 | AR26: 0
A27: Bromacil (25,40) | B27: 105 | C27: 40 | D27: =sumif!C13 -> 2.1 | E27: =IFERROR(D27/C27,0) -> 0.0525 | F27: =C27/(AC27-AB27+1) -> 2 | G27: =(C27-D27)/(AC27-$A$2) -> 1.2633333 | H27: =I27 -> 2.1 | I27: =sumif!B13 -> 2.1 | K27: =(C27-D27)/AE27 -> 1.4576923 | L27: =IFERROR((C27-D27)/AE27,0) -> 1.4576923 | M27: =D27/$A$2 -> 2.1 | N27: =O27 -> -0.090681818 | O27: =IFERROR(E27/AA27,0) -> -0.090681818 | Q27: =MAX((1-ABS((D27-C27)/C27)),0) -> 0.0525 | S27: =C27*O27 -> -3.6272727 | T27: =sumif!E105/1000 -> 0 | U27: =sumif!F105/1000 -> 0 | Y27: 31 | Z27: =AA27 -> -0.57894737 | AA27: =IF(AB27=1,$A$2/Y27,($A$2-AB27)/(Y27-AB27)) -> -0.57894737 | AB27: 12 | AC27: 31 | AD27: =($A$2-(AB27-1))*(C27-D27) -> -379 | AE27: 26 | AI27: 232 | AJ27: =D27 -> 2.1 | AK27: 115 | AL27: =AI27-AK27 -> 117 | AM27: =SUM(AK27+AJ27)/AI27 -> 0.50474138 | AP27: =IF(AQ27/G27,AQ27/G27,0) -> 1.6622691 | AQ27: =AVERAGE(AR27:AV27) -> 2.1 | AR27: 2.1
A28: Krovar (40) | B28: 60 | C28: 0 | D28: =sumif!C12 -> 0 | E28: =IFERROR(D28/C28,0) -> 0 | F28: =C28/(AC28-AB28+1) -> 0 | G28: =(C28-D28)/(AC28-$A$2) -> 0 | H28: =I28 -> 0 | I28: =sumif!B12 -> 0 | K28: =(C28-D28)/AE28 -> 0 | L28: =IFERROR((C28-D28)/AE28,0) -> 0 | M28: =D28/$A$2 -> 0 | N28: =O28 -> 0 | O28: =IFERROR(E28/AA28,0) -> 0 | Q28: =MAX((1-ABS((D28-C28)/C28)),0) -> #DIV/0! | S28: =C28*O28 -> 0 | T28: =sumif!E170/1000 -> 0 | U28: =sumif!F170/1000 -> 0 | Y28: 31 | Z28: =AA28 -> -0.57894737 | AA28: =IF(AB28=1,$A$2/Y28,($A$2-AB28)/(Y28-AB28)) -> -0.57894737 | AB28: 12 | AC28: 31 | AD28: =($A$2-(AB28-1))*(C28-D28) -> 0 | AE28: 26 | AK28: 0 | AP28: =IF(AQ28/G28,AQ28/G28,0) -> #DIV/0! | AQ28: =AVERAGE(AR28:AV28) -> 0 | AR28: 0
A29: Galigan (25,40) | B29: 45 | C29: 20 | D29: =sumif!C9 -> 0 | E29: =IFERROR(D29/C29,0) -> 0 | F29: =C29/(AC29-AB29+1) -> 1 | G29: =(C29-D29)/(AC29-$A$2) -> 0.66666667 | H29: =I29 -> 0 | I29: =sumif!B9 -> 0 | K29: =(C29-D29)/AE29 -> 0.76923077 | L29: =IFERROR((C29-D29)/AE29,0) -> 0.76923077 | M29: =D29/$A$2 -> 0 | N29: =O29 -> 0 | O29: =IFERROR(E29/AA29,0) -> 0 | Q29: =MAX((1-ABS((D29-C29)/C29)),0) -> 0 | S29: =C29*O29 -> 0 | T29: =sumif!E161/1000 -> 0 | U29: =sumif!F161/1000 -> 0 | X29: חוסר TRIFLUOROMETHYL PHENOL | Y29: 31 | Z29: =AA29 -> -0.57894737 | AA29: =IF(AB29=1,$A$2/Y29,($A$2-AB29)/(Y29-AB29)) -> -0.57894737 | AB29: 12 | AC29: 31 | AD29: =($A$2-(AB29-1))*(C29-D29) -> -200 | AE29: 26 | AI29: 116 | AJ29: =D29 -> 0 | AK29: 36 | AL29: =AI29-AK29 -> 80 | AM29: =SUM(AK29+AJ29)/AI29 -> 0.31034483 | AP29: =IF(AQ29/G29,AQ29/G29,0) -> 0 | AQ29: =AVERAGE(AR29:AV29) -> 0 | AR29: 0
A30: Propa Premix (25,40) | B30: 330 | D30: =sumif!C19 -> 0 | E30: =IFERROR(D30/C30,0) -> 0 | F30: =C30/(AC30-AB30+1) -> 0 | G30: =(C30-D30)/(AC30-$A$2) -> 0 | H30: =I30 -> 0 | I30: =sumif!B19 -> 0 | K30: =(C30-D30)/AE30 -> 0 | L30: =IFERROR((C30-D30)/AE30,0) -> 0 | M30: =D30/$A$2 -> 0 | N30: =O30 -> 0 | O30: =IFERROR(E30/AA30,0) -> 0 | Q30: =MAX((1-ABS((D30-C30)/C30)),0) -> #DIV/0! | S30: =C30*O30 -> 0 | T30: =sumif!E196/1000 -> 0 | U30: =sumif!F196/1000 -> 0 | Y30: 31 | Z30: =AA30 -> -0.57894737 | AA30: =IF(AB30=1,$A$2/Y30,($A$2-AB30)/(Y30-AB30)) -> -0.57894737 | AB30: 12 | AC30: 31 | AD30: =($A$2-(AB30-1))*(C30-D30) -> 0 | AE30: 26 | AI30: 704 | AJ30: =D30 -> 0 | AK30: 0 | AL30: =AI30-AK30 -> 704 | AM30: =SUM(AK30+AJ30)/AI30 -> 0 | AP30: =IF(AQ30/G30,AQ30/G30,0) -> #DIV/0! | AQ30: =AVERAGE(AR30:AV30) -> 0 | AR30: 0
A31: Propa Melt (25,40) | B31: 300 | C31: 0 | D31: =sumif!C18 -> 0 | E31: =IFERROR(D31/C31,0) -> 0 | F31: =C31/(AC31-AB31+1) -> 0 | G31: =(C31-D31)/(AC31-$A$2) -> 0 | H31: =I31 -> 0 | I31: =sumif!B18 -> 0 | K31: =(C31-D31)/AE31 -> 0 | L31: =IFERROR((C31-D31)/AE31,0) -> 0 | M31: =D31/$A$2 -> 0 | N31: =O31 -> 0 | O31: =IFERROR(E31/AA31,0) -> 0 | Q31: =MAX((1-ABS((D31-C31)/C31)),0) -> #DIV/0! | S31: =C31*O31 -> 0 | T31: =sumif!E98 -> 0 | U31: =sumif!F98 -> 0 | Y31: 31 | Z31: =AA31 -> -0.57894737 | AA31: =IF(AB31=1,$A$2/Y31,($A$2-AB31)/(Y31-AB31)) -> -0.57894737 | AB31: 12 | AC31: 31 | AD31: =($A$2-(AB31-1))*(C31-D31) -> 0 | AE31: 26 | AP31: =IF(AQ31/G31,AQ31/G31,0) -> #DIV/0! | AQ31: =AVERAGE(AR31:AV31) -> 0 | AR31: 0
A32: Fluorochloridon (25,40) | B32: 120 | C32: 60 | D32: =sumif!C17 -> 0 | E32: =IFERROR(D32/C32,0) -> 0 | F32: =C32/(AC32-AB32+1) -> 3 | G32: =(C32-D32)/(AC32-$A$2) -> 2 | H32: =I32 -> 0 | I32: =sumif!B17 -> 0 | K32: =(C32-D32)/AE32 -> 2.3076923 | L32: =IFERROR((C32-D32)/AE32,0) -> 2.3076923 | M32: =D32/$A$2 -> 0 | N32: =O32 -> 0 | O32: =IFERROR(E32/AA32,0) -> 0 | Q32: =MAX((1-ABS((D32-C32)/C32)),0) -> 0 | S32: =C32*O32 -> 0 | T32: =sumif!E150/1000 -> 0 | U32: =sumif!F150/1000 -> 0 | Y32: 31 | Z32: =AA32 -> -0.57894737 | AA32: =IF(AB32=1,$A$2/Y32,($A$2-AB32)/(Y32-AB32)) -> -0.57894737 | AB32: 12 | AC32: 31 | AD32: =($A$2-(AB32-1))*(C32-D32) -> -600 | AE32: 26 | AI32: 348 | AJ32: =D32 -> 0 | AK32: 156 | AL32: =AI32-AK32 -> 192 | AM32: =SUM(AK32+AJ32)/AI32 -> 0.44827586 | AP32: =IF(AQ32/G32,AQ32/G32,0) -> 0 | AQ32: =AVERAGE(AR32:AV32) -> 0 | AR32: 0
A33: Saflufenacil Tech (25,40) | B33: 1.2 | C33: 2 | D33: =sumif!C25 -> 0 | E33: =IFERROR(D33/C33,0) -> 0 | F33: =C33/(AC33-AB33+1) -> 0.1 | G33: =(C33-D33)/(AC33-$A$2) -> 0.066666667 | H33: =I33 -> 0 | I33: =sumif!B25 -> 0 | K33: =(C33-D33)/AE33 -> 0.076923077 | L33: =IFERROR((C33-D33)/AE33,0) -> 0.076923077 | M33: =D33/$A$2 -> 0 | N33: =O33 -> 0 | O33: =IFERROR(E33/AA33,0) -> 0 | Q33: =MAX((1-ABS((D33-C33)/C33)),0) -> 0 | S33: =C33*O33 -> 0 | T33: =sumif!E211/1000 -> 0 | U33: =sumif!F211/1000 -> 0 | X33: בהתאם להגעת 486 | Y33: 31 | Z33: =AA33 -> -0.57894737 | AA33: =IF(AB33=1,$A$2/Y33,($A$2-AB33)/(Y33-AB33)) -> -0.57894737 | AB33: 12 | AC33: 31 | AD33: =($A$2-(AB33-1))*(C33-D33) -> -20 | AE33: 26 | AP33: =IF(AQ33/G33,AQ33/G33,0) -> 0 | AQ33: =AVERAGE(AR33:AV33) -> 0 | AR33: 0
A34: Pyroxasulfon (41) | D34: =sumif!C4 -> 0 | E34: =IFERROR(D34/C34,0) -> 0 | F34: =C34/(AC34-AB34+1) -> 0 | G34: =(C34-D34)/(AC34-$A$2) -> 0 | H34: =I34 -> 0 | I34: =sumif!B4 -> 0 | K34: =(C34-D34)/AE34 -> 0 | L34: =IFERROR((C34-D34)/AE34,0) -> 0 | M34: =D34/$A$2 -> 0 | N34: =O34 -> 0 | O34: =IFERROR(E34/AA34,0) -> 0 | Q34: =MAX((1-ABS((D34-C34)/C34)),0) -> #DIV/0! | S34: =C34*O34 -> 0 | T34: =sumif!E101 -> 0 | U34: =sumif!F101 -> 0 | Y34: 31 | Z34: =AA34 -> -0.57894737 | AA34: =IF(AB34=1,$A$2/Y34,($A$2-AB34)/(Y34-AB34)) -> -0.57894737 | AB34: 12 | AC34: 31 | AD34: =($A$2-(AB34-1))*(C34-D34) -> 0 | AE34: 26 | AP34: =IF(AQ34/G34,AQ34/G34,0) -> #DIV/0! | AQ34: =AVERAGE(AR34:AV34) -> 0 | AR34: 0
A35: Imazamox (25,40) | B35: 13 | C35: 0 | D35: =sumif!C5 -> 0 | E35: =IFERROR(D35/C35,0) -> 0 | F35: =C35/(AC35-AB35+1) -> 0 | G35: =(C35-D35)/(AC35-$A$2) -> 0 | H35: =I35 -> 0 | I35: =sumif!B5 -> 0 | K35: =(C35-D35)/AE35 -> 0 | L35: =IFERROR((C35-D35)/AE35,0) -> 0 | M35: =D35/$A$2 -> 0 | N35: =O35 -> 0 | O35: =IFERROR(E35/AA35,0) -> 0 | Q35: =MAX((1-ABS((D35-C35)/C35)),0) -> #DIV/0! | S35: =C35*O35 -> 0 | T35: =sumif!E102 -> 0 | U35: =sumif!F102 -> 0 | Y35: 31 | Z35: =AA35 -> -0.57894737 | AA35: =IF(AB35=1,$A$2/Y35,($A$2-AB35)/(Y35-AB35)) -> -0.57894737 | AB35: 12 | AC35: 31 | AD35: =($A$2-(AB35-1))*(C35-D35) -> 0 | AE35: 26 | AP35: =IF(AQ35/G35,AQ35/G35,0) -> #DIV/0! | AQ35: =AVERAGE(AR35:AV35) -> 0 | AR35: 0
A36: Metazachlor (41) | B36: 110 | C36: 110 | D36: =sumif!C23 -> 2.415 | E36: =IFERROR(D36/C36,0) -> 0.021954545 | F36: =C36/(AC36-AB36+1) -> 5.5 | G36: =(C36-D36)/(AC36-$A$2) -> 3.5861667 | H36: =I36 -> 2.415 | I36: =sumif!B23 -> 2.415 | K36: =(C36-D36)/AE36 -> 4.1378846 | L36: =IFERROR((C36-D36)/AE36,0) -> 4.1378846 | M36: =D36/$A$2 -> 2.415 | N36: =O36 -> -0.037921488 | O36: =IFERROR(E36/AA36,0) -> -0.037921488 | Q36: =MAX((1-ABS((D36-C36)/C36)),0) -> 0.021954545 | S36: =C36*O36 -> -4.1713636 | T36: =sumif!E180/1000 -> 0 | U36: =sumif!F180/1000 -> 0 | X36: מחסור של CAC | Y36: 31 | Z36: =AA36 -> -0.57894737 | AA36: =IF(AB36=1,$A$2/Y36,($A$2-AB36)/(Y36-AB36)) -> -0.57894737 | AB36: 12 | AC36: 31 | AD36: =($A$2-(AB36-1))*(C36-D36) -> -1075.85 | AE36: 26 | AI36: 286 | AJ36: =D36 -> 2.415 | AK36: 103 | AL36: =AI36-AK36 -> 183 | AM36: =SUM(AK36+AJ36)/AI36 -> 0.36858392 | AP36: =IF(AQ36/G36,AQ36/G36,0) -> 0.67342102 | AQ36: =AVERAGE(AR36:AV36) -> 2.415 | AR36: 2.415
A37: Thiencarbazone (41) | B37: 4 | C37: 0 | D37: =sumif!C24 -> 0 | E37: =IFERROR(D37/C37,0) -> 0 | F37: =C37/(AC37-AB37+1) -> 0 | G37: =(C37-D37)/(AC37-$A$2) -> 0 | H37: =I37 -> 0 | I37: =sumif!B24 -> 0 | K37: =(C37-D37)/AE37 -> 0 | L37: =IFERROR((C37-D37)/AE37,0) -> 0 | M37: =D37/$A$2 -> 0 | N37: =O37 -> 0 | O37: =IFERROR(E37/AA37,0) -> 0 | Q37: =MAX((1-ABS((D37-C37)/C37)),0) -> #DIV/0! | S37: =C37*O37 -> 0 | X37: מוצר חדש | Y37: 31 | Z37: =AA37 -> -0.57894737 | AA37: =IF(AB37=1,$A$2/Y37,($A$2-AB37)/(Y37-AB37)) -> -0.57894737 | AB37: 12 | AC37: 31 | AD37: =($A$2-(AB37-1))*(C37-D37) -> 0 | AE37: 26 | AP37: =IF(AQ37/G37,AQ37/G37,0) -> #DIV/0! | AQ37: =AVERAGE(AR37:AV37) -> 0 | AR37: 0
A38: Atralone (41) | B38: 40 | C38: 41 | D38: =sumif!C8 -> 1.7 | E38: =IFERROR(D38/C38,0) -> 0.041463415 | F38: =C38/(AC38-AB38+1) -> 2.05 | G38: =(C38-D38)/(AC38-$A$2) -> 1.31 | H38: =I38 -> 1.7 | I38: =sumif!B8 -> 1.7 | K38: =(C38-D38)/AE38 -> 1.5115385 | L38: =IFERROR((C38-D38)/AE38,0) -> 1.5115385 | M38: =D38/$A$2 -> 1.7 | N38: =O38 -> -0.071618625 | O38: =IFERROR(E38/AA38,0) -> -0.071618625 | Q38: =MAX((1-ABS((D38-C38)/C38)),0) -> 0.041463415 | S38: =C38*O38 -> -2.9363636 | T38: =sumif!E100/1000 -> 0 | U38: =sumif!F100/1000 -> 0 | Y38: 31 | Z38: =AA38 -> -0.57894737 | AA38: =IF(AB38=1,$A$2/Y38,($A$2-AB38)/(Y38-AB38)) -> -0.57894737 | AB38: 12 | AC38: 31 | AD38: =($A$2-(AB38-1))*(C38-D38) -> -393 | AE38: 26 | AI38: 96 | AJ38: =D38 -> 1.7 | AK38: 32 | AL38: =AI38-AK38 -> 64 | AM38: =SUM(AK38+AJ38)/AI38 -> 0.35104167 | AP38: =IF(AQ38/G38,AQ38/G38,0) -> 1.2977099 | AQ38: =AVERAGE(AR38:AV38) -> 1.7 | AR38: 1.7
A39: Phenol Oxime (41) | B39: 120 | C39: 0 | D39: =sumif!C26 -> 0 | E39: =IFERROR(D39/C39,0) -> 0 | F39: =C39/(AC39-AB39+1) -> 0 | G39: =(C39-D39)/(AC39-$A$2) -> 0 | H39: =I39 -> 0 | I39: =sumif!B26 -> 0 | K39: =(C39-D39)/AE39 -> 0 | L39: =IFERROR((C39-D39)/AE39,0) -> 0 | M39: =D39/$A$2 -> 0 | N39: =O39 -> 0 | O39: =IFERROR(E39/AA39,0) -> 0 | Q39: =MAX((1-ABS((D39-C39)/C39)),0) -> #DIV/0! | S39: =C39*O39 -> 0 | T39: =sumif!E105 -> 0 | U39: =sumif!F105 -> 0 | Y39: 31 | Z39: =AA39 -> -0.57894737 | AA39: =IF(AB39=1,$A$2/Y39,($A$2-AB39)/(Y39-AB39)) -> -0.57894737 | AB39: 12 | AC39: 31 | AD39: =($A$2-(AB39-1))*(C39-D39) -> 0 | AE39: 26 | AP39: =IF(AQ39/G39,AQ39/G39,0) -> #DIV/0! | AQ39: =AVERAGE(AR39:AV39) -> 0 | AR39: 0
A40: Ethyl HA(41) | C40: 0 | E40: =IFERROR(D40/C40,0) -> 0 | F40: =C40/(AC40-AB40+1) -> 0 | G40: =(C40-D40)/(AC40-$A$2) -> 0 | H40: =I40 -> 0 | K40: =IFERROR((C40-D40)/AE40,0) -> 0 | L40: =IFERROR((C40-D40)/AE40,0) -> 0 | M40: =D40/$A$2 -> 0 | N40: =O40 -> 0 | O40: =IFERROR(E40/AA40,0) -> 0 | Q40: =MAX((1-ABS((D40-C40)/C40)),0) -> #DIV/0! | S40: =C40*O40 -> 0 | T40: =sumif!E106 -> 0 | U40: =sumif!F106 -> 0 | Y40: 31 | Z40: =AA40 -> -0.57894737 | AA40: =IF(AB40=1,$A$2/Y40,($A$2-AB40)/(Y40-AB40)) -> -0.57894737 | AB40: 12 | AC40: 31 | AD40: =($A$2-(AB40-1))*(C40-D40) -> 0 | AE40: 26 | AP40: =IF(AQ40/G40,AQ40/G40,0) -> #DIV/0! | AQ40: =AVERAGE(AR40:AV40) -> #DIV/0!
A41: NANA (41) | B41: 150 | C41: 30 | D41: 0 | E41: =IFERROR(D41/C41,0) -> 0 | F41: =C41/(AC41-AB41+1) -> 1.5 | G41: =(C41-D41)/(AC41-$A$2) -> 1 | H41: =I41 -> 0 | I41: =sumif!B16 -> 0 | K41: =(C41-D41)/AE41 -> 1.1538462 | L41: =IFERROR((C41-D41)/AE41,0) -> 1.1538462 | M41: =D41/$A$2 -> 0 | N41: =O41 -> 0 | O41: =IFERROR(E41/AA41,0) -> 0 | Q41: =MAX((1-ABS((D41-C41)/C41)),0) -> 0 | S41: =C41*O41 -> 0 | T41: =sumif!E186/1000 -> 0 | U41: =sumif!F186/1000 -> 0 | X41: עיכוב הגעה ALIL | Y41: 31 | Z41: =AA41 -> -0.57894737 | AA41: =IF(AB41=1,$A$2/Y41,($A$2-AB41)/(Y41-AB41)) -> -0.57894737 | AB41: 12 | AC41: 31 | AD41: =($A$2-(AB41-1))*(C41-D41) -> -300 | AE41: 26 | AI41: 299 | AJ41: =D41 -> 0 | AK41: 140 | AL41: =AI41-AK41 -> 159 | AM41: =SUM(AK41+AJ41)/AI41 -> 0.46822742 | AP41: =IF(AQ41/G41,AQ41/G41,0) -> 0 | AQ41: =AVERAGE(AR41:AV41) -> 0 | AR41: 0
A42: Aganile | E42: =IFERROR(D42/C42,0) -> 0 | F42: =C42/(AC42-AB42+1) -> 0 | G42: =(C42-D42)/(AC42-$A$2) -> 0 | H42: =I42 -> 0 | K42: =(C42-D42)/AE42 -> 0 | L42: =IFERROR((C42-D42)/AE42,0) -> 0 | M42: =D42/$A$2 -> 0 | N42: =O42 -> 0 | O42: =IFERROR(E42/AA42,0) -> 0 | Q42: =MAX((1-ABS((D42-C42)/C42)),0) -> #DIV/0! | S42: =C42*O42 -> 0 | T42: =sumif!E108 -> 0 | U42: =sumif!F108 -> 0 | Y42: 31 | Z42: =AA42 -> -0.57894737 | AA42: =IF(AB42=1,$A$2/Y42,($A$2-AB42)/(Y42-AB42)) -> -0.57894737 | AB42: 12 | AC42: 31 | AD42: =($A$2-(AB42-1))*(C42-D42) -> 0 | AE42: 26 | AP42: =IF(AQ42/G42,AQ42/G42,0) -> #DIV/0! | AQ42: =AVERAGE(AR42:AV42) -> #DIV/0!
A43: Damascone crude(41) | E43: =IFERROR(D43/C43,0) -> 0 | F43: =C43/(AC43-AB43+1) -> 0 | G43: =(C43-D43)/(AC43-$A$2) -> 0 | H43: =I43 -> 0 | K43: =(C43-D43)/AE43 -> 0 | L43: =IFERROR((C43-D43)/AE43,0) -> 0 | M43: =D43/$A$2 -> 0 | N43: =O43 -> 0 | O43: =IFERROR(E43/AA43,0) -> 0 | Q43: =MAX((1-ABS((D43-C43)/C43)),0) -> #DIV/0! | S43: =C43*O43 -> 0 | T43: =sumif!E109 -> 0 | U43: =sumif!F109 -> 0 | Y43: 31 | Z43: =AA43 -> -0.57894737 | AA43: =IF(AB43=1,$A$2/Y43,($A$2-AB43)/(Y43-AB43)) -> -0.57894737 | AB43: 12 | AC43: 31 | AD43: =($A$2-(AB43-1))*(C43-D43) -> 0 | AE43: 26 | AL43: =AI43-AK43 -> 0 | AP43: =IF(AQ43/G43,AQ43/G43,0) -> #DIV/0! | AQ43: =AVERAGE(AR43:AV43) -> #DIV/0!
A44: TDMK Crude (batches)(41) | E44: =IFERROR(D44/C44,0) -> 0 | F44: =C44/(AC44-AB44+1) -> 0 | G44: =(C44-D44)/(AC44-$A$2) -> 0 | H44: =I44 -> 0 | K44: =(C44-D44)/AE44 -> 0 | L44: =IFERROR((C44-D44)/AE44,0) -> 0 | M44: =D44/$A$2 -> 0 | N44: =O44 -> 0 | O44: =IFERROR(E44/AA44,0) -> 0 | Q44: =MAX((1-ABS((D44-C44)/C44)),0) -> #DIV/0! | S44: =C44*O44 -> 0 | T44: =sumif!E110 -> 0 | U44: =sumif!F110 -> 0 | Y44: 31 | Z44: =AA44 -> -0.57894737 | AA44: =IF(AB44=1,$A$2/Y44,($A$2-AB44)/(Y44-AB44)) -> -0.57894737 | AB44: 12 | AC44: 31 | AD44: =($A$2-(AB44-1))*(C44-D44) -> 0 | AE44: 26 | AL44: =AI44-AK44 -> 0 | AP44: =IF(AQ44/G44,AQ44/G44,0) -> #DIV/0! | AQ44: =AVERAGE(AR44:AV44) -> #DIV/0!
A45: D. Damascone (41) | B45: =40 -> 40 | C45: 48 | D45: =sumif!C3 -> 0 | E45: =IFERROR(D45/C45,0) -> 0 | F45: =C45/(AC45-AB45+1) -> 2.4 | G45: =(C45-D45)/(AC45-$A$2) -> 1.6 | H45: =I45 -> 0 | I45: =sumif!B3 -> 0 | K45: =(C45-D45)/AE45 -> 1.8461538 | L45: =IFERROR((C45-D45)/AE45,0) -> 1.8461538 | M45: =D45/$A$2 -> 0 | N45: =O45 -> 0 | O45: =IFERROR(E45/AA45,0) -> 0 | Q45: =MAX((1-ABS((D45-C45)/C45)),0) -> 0 | S45: =C45*O45 -> 0 | T45: =sumif!E120/1000 -> 0 | U45: =sumif!F120/1000 -> 0 | Y45: 31 | Z45: =AA45 -> -0.57894737 | AA45: =IF(AB45=1,$A$2/Y45,($A$2-AB45)/(Y45-AB45)) -> -0.57894737 | AB45: 12 | AC45: 31 | AD45: =($A$2-(AB45-1))*(C45-D45) -> -480 | AE45: 26 | AI45: 111 | AJ45: =D45 -> 0 | AK45: 33 | AL45: =AI45-AK45 -> 78 | AM45: =SUM(AK45+AJ45)/AI45 -> 0.2972973 | AP45: =IF(AQ45/G45,AQ45/G45,0) -> 0 | AQ45: =AVERAGE(AR45:AV45) -> 0 | AR45: 0
A46: 5 Streams generation | E46: =IFERROR(D46/C46,0) -> 0 | G46: =C46/(AC46-AB46+1) -> 0 | L46: =(C46-D46)/$AE$4 -> 0 | M46: =D46/$A$2 -> 0 | N46: =E46/#REF! -> #REF! | O46: =IFERROR(E46/AA46,0) -> 0 | Q46: =MAX((1-ABS((D46-C46)/C46)),0) -> #DIV/0! | Y46: 31 | Z46: =AA46 -> 0.032258065 | AA46: =IF(AB46=1,$A$2/Y46,($A$2-AB46)/(Y46-AB46)) -> 0.032258065 | AB46: 1 | AC46: 28 | AD46: =($A$2-(AB46-1))*(C46-D46) -> 0 | AE46: 31 | AI46: 112 | AJ46: =D46 -> 0 | AK46: 34 | AL46: =AI46-AK46 -> 78 | AM46: =SUM(AK46+AJ46)/AI46 -> 0.30357143 | AP46: =IF(AQ46/G46,AQ46/G46,0) -> #DIV/0! | AQ46: =AVERAGE(AR46:AR46) -> #DIV/0!
A47: 5 Streams dist. | E47: =IFERROR(D47/C47,0) -> 0 | G47: =C47/(AC47-AB47+1) -> 0 | L47: =(C47-D47)/$AE$4 -> 0 | M47: =D47/$A$2 -> 0 | N47: =E47/#REF! -> #REF! | O47: =IFERROR(E47/AA47,0) -> 0 | Q47: =MAX((1-ABS((D47-C47)/C47)),0) -> #DIV/0! | Y47: 31 | Z47: =AA47 -> 0.032258065 | AA47: =IF(AB47=1,$A$2/Y47,($A$2-AB47)/(Y47-AB47)) -> 0.032258065 | AB47: 1 | AC47: 28 | AD47: =($A$2-(AB47-1))*(C47-D47) -> 0 | AE47: 31 | AI47: 113 | AJ47: =D47 -> 0 | AK47: 35 | AL47: =AI47-AK47 -> 78 | AM47: =SUM(AK47+AJ47)/AI47 -> 0.30973451 | AP47: =IF(AQ47/G47,AQ47/G47,0) -> #DIV/0! | AQ47: =AVERAGE(AR47:AR47) -> #DIV/0!
A48: Fuel sub. | E48: =IFERROR(D48/C48,0) -> 0 | G48: =C48/(AC48-AB48+1) -> 0 | L48: =(C48-D48)/$AE$4 -> 0 | M48: =D48/$A$2 -> 0 | N48: =E48/#REF! -> #REF! | O48: =IFERROR(E48/AA48,0) -> 0 | Q48: =MAX((1-ABS((D48-C48)/C48)),0) -> #DIV/0! | Y48: 31 | Z48: =AA48 -> 0.032258065 | AA48: =IF(AB48=1,$A$2/Y48,($A$2-AB48)/(Y48-AB48)) -> 0.032258065 | AB48: 1 | AC48: 28 | AD48: =($A$2-(AB48-1))*(C48-D48) -> 0 | AE48: 31 | AI48: 114 | AJ48: =D48 -> 0 | AK48: 36 | AL48: =AI48-AK48 -> 78 | AM48: =SUM(AK48+AJ48)/AI48 -> 0.31578947 | AP48: =IF(AQ48/G48,AQ48/G48,0) -> #DIV/0! | AQ48: =AVERAGE(AR48:AR48) -> #DIV/0!
A49: ETHOFUMESATE | E49: =IFERROR(D49/C49,0) -> 0 | G49: =C49/(AC49-AB49+1) -> 0 | L49: =(C49-D49)/$AE$4 -> 0 | M49: =D49/$A$2 -> 0 | N49: =E49/#REF! -> #REF! | O49: =IFERROR(E49/AA49,0) -> 0 | Q49: =MAX((1-ABS((D49-C49)/C49)),0) -> #DIV/0! | Y49: 31 | Z49: =AA49 -> 0.032258065 | AA49: =IF(AB49=1,$A$2/Y49,($A$2-AB49)/(Y49-AB49)) -> 0.032258065 | AB49: 1 | AC49: 28 | AD49: =($A$2-(AB49-1))*(C49-D49) -> 0 | AE49: 31 | AI49: 115 | AJ49: =D49 -> 0 | AK49: 37 | AL49: =AI49-AK49 -> 78 | AM49: =SUM(AK49+AJ49)/AI49 -> 0.32173913 | AP49: =IF(AQ49/G49,AQ49/G49,0) -> #DIV/0! | AQ49: =AVERAGE(AR49:AR49) -> #DIV/0!
A50: LINURON | C50: 30 | D50: =sumif!C27 -> 4.8 | E50: =IFERROR(D50/C50,0) -> 0.16 | G50: =C50/(AC50-AB50+1) -> 1.0714286 | I50: =sumif!B27 -> 4.8 | L50: =IFERROR((C50-D50)/AE50,0) -> 0.81290323 | M50: =D50/$A$2 -> 4.8 | O50: =IFERROR(E50/AA50,0) -> 4.96 | Q50: =MAX((1-ABS((D50-C50)/C50)),0) -> 0.16 | Y50: 31 | Z50: =AA50 -> 0.032258065 | AA50: =IF(AB50=1,$A$2/Y50,($A$2-AB50)/(Y50-AB50)) -> 0.032258065 | AB50: 1 | AC50: 28 | AD50: =($A$2-(AB50-1))*(C50-D50) -> 25.2 | AE50: 31 | AI50: 116 | AJ50: =D50 -> 4.8 | AK50: 38 | AL50: =AI50-AK50 -> 78 | AM50: =SUM(AK50+AJ50)/AI50 -> 0.36896552 | AP50: =IF(AQ50/G50,AQ50/G50,0) -> #DIV/0! | AQ50: =AVERAGE(AR50:AR50) -> #DIV/0!
A51: AP 200 (41) | D51: =sumif!C20 -> 0 | E51: =IFERROR(D51/C51,0) -> 0 | G51: =C51/(AC51-AB51+1) -> 0 | I51: =sumif!B20 -> 0 | L51: =(C51-D51)/$AE$4 -> 0 | M51: =D51/$A$2 -> 0 | N51: =E51/#REF! -> #REF! | O51: =IFERROR(E51/AA51,0) -> 0 | Q51: =MAX((1-ABS((D51-C51)/C51)),0) -> #DIV/0! | Y51: 31 | Z51: =AA51 -> 0.032258065 | AA51: =IF(AB51=1,$A$2/Y51,($A$2-AB51)/(Y51-AB51)) -> 0.032258065 | AB51: 1 | AC51: 28 | AD51: =($A$2-(AB51-1))*(C51-D51) -> 0 | AE51: 31 | AP51: =IF(AQ51/G51,AQ51/G51,0) -> #DIV/0! | AQ51: =AVERAGE(AR51:AR51) -> #DIV/0!
A52: לזכור לעדכן ספירת ימי ייצור בפועל במתקנים שלא עובדים מלא | Q52: =MAX((1-ABS((D52-C52)/C52)),0) -> #DIV/0! | Y52: 26.666667 | Z52: =AA52 -> 0.0375 | AA52: =IF(AB52=1,$A$2/Y52,($A$2-AB52)/(Y52-AB52)) -> 0.0375 | AB52: 1 | AC52: 30 | AD52: =($A$2-(AB52-1))*(C52-D52) -> 0 | AE52: 30 | AP52: =IF(AQ52/G52,AQ52/G52,0) -> #DIV/0! | AQ52: =AVERAGE(AR52:AR52) -> #DIV/0!
A53: 50000000067 | C53: Ethyl HA(41) | Q53: =MAX((1-ABS((D53-C53)/C53)),0) -> #VALUE! | Y53: 26.666667 | Z53: =AA53 -> 0.0375 | AA53: =IF(AB53=1,$A$2/Y53,($A$2-AB53)/(Y53-AB53)) -> 0.0375 | AB53: 1 | AC53: 30 | AD53: =($A$2-(AB53-1))*(C53-D53) -> #VALUE! | AE53: 30 | AP53: =IF(AQ53/G53,AQ53/G53,0) -> #DIV/0! | AQ53: =AVERAGE(AR53:AR53) -> #DIV/0!
A54: 30000000553 | C54: Pyroxasulfon (41) | Q54: =MAX((1-ABS((D54-C54)/C54)),0) -> #VALUE! | Y54: 26.666667 | Z54: =AA54 -> 0.0375 | AA54: =IF(AB54=1,$A$2/Y54,($A$2-AB54)/(Y54-AB54)) -> 0.0375 | AB54: 1 | AC54: 30 | AD54: =($A$2-(AB54-1))*(C54-D54) -> #VALUE! | AE54: 30 | AP54: =IF(AQ54/G54,AQ54/G54,0) -> #DIV/0! | AQ54: =AVERAGE(AR54:AR54) -> #DIV/0!
A55: 30000004290 | C55: Pyroxasulfon (41) | Q55: =MAX((1-ABS((D55-C55)/C55)),0) -> #VALUE! | Y55: 26.666667 | Z55: =AA55 -> 0.0375 | AA55: =IF(AB55=1,$A$2/Y55,($A$2-AB55)/(Y55-AB55)) -> 0.0375 | AB55: 1 | AC55: 30 | AD55: =($A$2-(AB55-1))*(C55-D55) -> #VALUE! | AE55: 30 | AP55: =IF(AQ55/G55,AQ55/G55,0) -> #DIV/0! | AQ55: =AVERAGE(AR55:AR55) -> #DIV/0!
A56: 30000004203 | C56: ETHOFUMESATE | Q56: =MAX((1-ABS((D56-C56)/C56)),0) -> #VALUE! | Y56: 26.666667 | Z56: =AA56 -> 0.0375 | AA56: =IF(AB56=1,$A$2/Y56,($A$2-AB56)/(Y56-AB56)) -> 0.0375 | AB56: 1 | AC56: 30 | AD56: =($A$2-(AB56-1))*(C56-D56) -> #VALUE! | AE56: 30 | AP56: =IF(AQ56/G56,AQ56/G56,0) -> #DIV/0! | AQ56: =AVERAGE(AR56:AR56) -> #DIV/0!
A57: 30000000052 | C57: AP 200 | Q57: =MAX((1-ABS((D57-C57)/C57)),0) -> #VALUE! | Y57: 26.666667 | Z57: =AA57 -> 0.0375 | AA57: =IF(AB57=1,$A$2/Y57,($A$2-AB57)/(Y57-AB57)) -> 0.0375 | AB57: 1 | AC57: 30 | AD57: =($A$2-(AB57-1))*(C57-D57) -> #VALUE! | AE57: 30 | AP57: =IF(AQ57/G57,AQ57/G57,0) -> #DIV/0! | AQ57: =AVERAGE(AR57:AR57) -> #DIV/0!
A58: 50000000040 | Q58: =MAX((1-ABS((D58-C58)/C58)),0) -> #DIV/0! | Y58: 26.666667 | Z58: =AA58 -> 0.0375 | AA58: =IF(AB58=1,$A$2/Y58,($A$2-AB58)/(Y58-AB58)) -> 0.0375 | AB58: 1 | AC58: 30 | AD58: =($A$2-(AB58-1))*(C58-D58) -> 0 | AE58: 30 | AP58: =IF(AQ58/G58,AQ58/G58,0) -> #DIV/0! | AQ58: =AVERAGE(AR58:AR58) -> #DIV/0!
A59: 50000000042 | Q59: =MAX((1-ABS((D59-C59)/C59)),0) -> #DIV/0! | Y59: 26.666667 | Z59: =AA59 -> 0.0375 | AA59: =IF(AB59=1,$A$2/Y59,($A$2-AB59)/(Y59-AB59)) -> 0.0375 | AB59: 1 | AC59: 30 | AD59: =($A$2-(AB59-1))*(C59-D59) -> 0 | AE59: 30 | AP59: =IF(AQ59/G59,AQ59/G59,0) -> #DIV/0! | AQ59: =AVERAGE(AR59:AR59) -> #DIV/0!
AE60: 30 | AQ60: =AVERAGE(AR60:AR60) -> #DIV/0!
AE61: 30 | AQ61: =AVERAGE(AR61:AR61) -> #DIV/0!
AE62: 30 | AQ62: =AVERAGE(AR62:AR62) -> #DIV/0!
AR63: =AR2 -> 46235
A64: סה"כ 42+43 | AR64: =AR8+AR9+AR10 -> 0

Sheet גיליון להדבקת production
A1: Material | B1: Material description | C1: Batch | D1: Basic start date | E1: Order | F1: Sales Order | G1: Order quantity (GMEIN) | H1: Delivered quantity (GMEIN) | I1: Release date (actual) | J1: Actual finish date | K1: Confirmed Yield Quantity (GMEIN) | L1: Plant | M1: Unit of measure (=GMEIN) | N1: Production line | O1: Storage Location | P1: System Status | Q1: משפחת מוצר/גודל אריזה/מתקן | R1: אריזה | S1: סטטוס מנה | T1: סטטוס מנה ומשפחה | U1: סטטוס מנה ומתקן
A2: 20000007617 | B2: MSRN100+ TFZN30+CYPR45 OD 1000LT | C2: 0000000133 | D2: 46237 | E2: 1390334 | G2: 4000 | H2: 2820 | I2: 46233 | J2: 46235 | K2: 0 | L2: 1401 | M2: L | O2: 1524 | P2: REL CNF PRC BASC BCRQ GMPS ILAS MACM* | Q2: =VLOOKUP(A2,'גיליון דאטה להכל'!A:E,5,0) -> 24F | R2: =VLOOKUP(A2,'לעדכן בסינתזה דאטה אריזה 42+24'!$A:$C,3,0) -> #N/A | S2: =VLOOKUP(#REF!,'מלאי לא תקין'!A:N,17,0) -> #REF! | T2: =_xlfn.CONCAT(S2,Q2) -> #REF! | U2: =_xlfn.CONCAT(S2,O2) -> #REF!
A3: 20000007617 | B3: MSRN100+ TFZN30+CYPR45 OD 1000LT | C3: 0000000135 | D3: 46237 | E3: 1390336 | G3: 4000 | H3: 2550 | I3: 46235 | J3: 46235 | K3: 0 | L3: 1401 | M3: L | O3: 1524 | P3: REL PCNF PRC BASC BCRQ GMPS ILAS MACM* | Q3: =VLOOKUP(A3,'גיליון דאטה להכל'!A:E,5,0) -> 24F | R3: =VLOOKUP(A3,'לעדכן בסינתזה דאטה אריזה 42+24'!$A:$C,3,0) -> #N/A | S3: =VLOOKUP(#REF!,'מלאי לא תקין'!A:N,17,0) -> #REF! | T3: =_xlfn.CONCAT(S3,Q3) -> #REF! | U3: =_xlfn.CONCAT(S3,O3) -> #REF!
A4: 20000007726 | B4: PNDM400 SC PENDIMETHALINE 40SC 1000LT | C4: 0000520621 | D4: 46237 | E4: 1390392 | G4: 7000 | H4: 7000 | I4: 46233 | J4: 46235 | K4: 0 | L4: 1401 | M4: L | O4: 1528 | P4: REL PCNF DLV PRC BASC BCRQ GMPS MACM* | Q4: =VLOOKUP(A4,'גיליון דאטה להכל'!A:E,5,0) -> 28 | R4: =VLOOKUP(A4,'לעדכן בסינתזה דאטה אריזה 42+24'!$A:$C,3,0) -> #N/A | S4: =VLOOKUP(#REF!,'מלאי לא תקין'!A:N,17,0) -> #REF! | T4: =_xlfn.CONCAT(S4,Q4) -> #REF! | U4: =_xlfn.CONCAT(S4,O4) -> #REF!
A5: 50000000053 | B5: DELTA DAMASCONE CRUD 1.00 KG | C5: 0000012952 | D5: 46236 | E5: 1390039 | G5: 6000 | H5: 6858 | I5: 46233 | J5: 46235 | K5: 0 | L5: 1401 | M5: KG | O5: 1141 | P5: REL CNF DLV PRC BASC BCRQ GMPS ILAS* | Q5: =VLOOKUP(A5,'גיליון דאטה להכל'!A:E,5,0) -> שלבי ביניים לא למדידה | R5: =VLOOKUP(A5,'לעדכן בסינתזה דאטה אריזה 42+24'!$A:$C,3,0) -> #N/A | S5: =VLOOKUP(#REF!,'מלאי לא תקין'!A:N,17,0) -> #REF! | T5: =_xlfn.CONCAT(S5,Q5) -> #REF! | U5: =_xlfn.CONCAT(S5,O5) -> #REF!
A6: 30000000097 | B6: MTZC735 TC METAZACHLR T WT CRUD 600 KG | C6: 0000009267 | D6: 46235 | E6: 1389642 | G6: 2800 | H6: 2415 | I6: 46227 | J6: 46235 | K6: 0 | L6: 1401 | M6: KG | O6: 1541 | P6: REL CNF DLV PRC BASC BCRQ GMPS ILAS* | Q6: =VLOOKUP(A6,'גיליון דאטה להכל'!A:E,5,0) -> METAZACHLOR | R6: =VLOOKUP(A6,'לעדכן בסינתזה דאטה אריזה 42+24'!$A:$C,3,0) -> #N/A | S6: =VLOOKUP(#REF!,'מלאי לא תקין'!A:N,17,0) -> #REF! | T6: =_xlfn.CONCAT(S6,Q6) -> #REF! | U6: =_xlfn.CONCAT(S6,O6) -> #REF!
A7: 10000000253 | B7: CLTD120 EC AKODIM 12 200LT MOR 200LT MA | C7: 0000001513 | D7: 46235 | E7: 1390178 | G7: 7200 | H7: 7200 | I7: 46230 | J7: 46235 | K7: 7200 | L7: 1401 | M7: L | O7: 1523 | P7: REL CNF DLV PRC BASC BCRQ GMPS MACM* | Q7: =VLOOKUP(A7,'גיליון דאטה להכל'!A:E,5,0) -> 23 | R7: =VLOOKUP(A7,'לעדכן בסינתזה דאטה אריזה 42+24'!$A:$C,3,0) -> 23 | S7: =VLOOKUP(#REF!,'מלאי לא תקין'!A:N,17,0) -> #REF! | T7: =_xlfn.CONCAT(S7,Q7) -> #REF! | U7: =_xlfn.CONCAT(S7,O7) -> #REF!
A8: 20000000863 | B8: FRXP200 EC FLUROXYPYR 200 SS 200 L | C8: 0000008648 | D8: 46235 | E8: 1390232 | G8: 9600 | H8: 9600 | I8: 46232 | J8: 46235 | K8: 9600 | L8: 1401 | M8: L | O8: 1523 | P8: REL CNF DLV PRC BASC BCRQ GMPS MANC* | Q8: =VLOOKUP(A8,'גיליון דאטה להכל'!A:E,5,0) -> 23 | R8: =VLOOKUP(A8,'לעדכן בסינתזה דאטה אריזה 42+24'!$A:$C,3,0) -> 23 | S8: =VLOOKUP(#REF!,'מלאי לא תקין'!A:N,17,0) -> #REF! | T8: =_xlfn.CONCAT(S8,Q8) -> #REF! | U8: =_xlfn.CONCAT(S8,O8) -> #REF!
A9: 20000007726 | B9: PNDM400 SC PENDIMETHALINE 40SC 1000LT | C9: 0000520622 | D9: 46235 | E9: 1390393 | G9: 8000 | H9: 8000 | I9: 46235 | J9: 46235 | K9: 8000 | L9: 1401 | M9: L | O9: 1528 | P9: REL CNF DLV PRC BASC BCRQ GMPS MANC* | Q9: =VLOOKUP(A9,'גיליון דאטה להכל'!A:E,5,0) -> 28 | R9: =VLOOKUP(A9,'לעדכן בסינתזה דאטה אריזה 42+24'!$A:$C,3,0) -> #N/A | S9: =VLOOKUP(#REF!,'מלאי לא תקין'!A:N,17,0) -> #REF! | T9: =_xlfn.CONCAT(S9,Q9) -> #REF! | U9: =_xlfn.CONCAT(S9,O9) -> #REF!
A10: 20000000183 | B10: CLTD120 EC CLETODIM 120 SS ECO 1000 L | C10: 0000001901 | D10: 46235 | E10: 1390461 | G10: 5000 | H10: 4456 | I10: 46235 | J10: 46235 | K10: 4456 | L10: 1401 | M10: L | O10: 1523 | P10: REL CNF PRC BASC BCRQ GMPS MACM ORRQ* | Q10: =VLOOKUP(A10,'גיליון דאטה להכל'!A:E,5,0) -> 23 | R10: =VLOOKUP(A10,'לעדכן בסינתזה דאטה אריזה 42+24'!$A:$C,3,0) -> 23 | S10: =VLOOKUP(#REF!,'מלאי לא תקין'!A:N,17,0) -> #REF! | T10: =_xlfn.CONCAT(S10,Q10) -> #REF! | U10: =_xlfn.CONCAT(S10,O10) -> #REF!
A11: 20000005837 | B11: CLTN500 SC TOLUREX 50 SC 1000LT | C11: 0000000318 | D11: 46235 | E11: 1390865 | G11: 7000 | H11: 7000 | I11: 46234 | J11: 46235 | K11: 7000 | L11: 1401 | M11: L | O11: 1528 | P11: REL CNF DLV PRC BASC BCRQ GMPS ILAS* | Q11: =VLOOKUP(A11,'גיליון דאטה להכל'!A:E,5,0) -> 28 | R11: =VLOOKUP(A11,'לעדכן בסינתזה דאטה אריזה 42+24'!$A:$C,3,0) -> 28 | S11: =VLOOKUP(#REF!,'מלאי לא תקין'!A:N,17,0) -> #REF! | T11: =_xlfn.CONCAT(S11,Q11) -> #REF! | U11: =_xlfn.CONCAT(S11,O11) -> #REF!
A12: 20000005837 | B12: CLTN500 SC TOLUREX 50 SC 1000LT | C12: 0000000319 | D12: 46235 | E12: 1390866 | G12: 7000 | H12: 7000 | I12: 46234 | J12: 46235 | K12: 7000 | L12: 1401 | M12: L | O12: 1528 | P12: REL CNF DLV PRC BASC BCRQ GMPS ILAS* | Q12: =VLOOKUP(A12,'גיליון דאטה להכל'!A:E,5,0) -> 28 | R12: =VLOOKUP(A12,'לעדכן בסינתזה דאטה אריזה 42+24'!$A:$C,3,0) -> 28 | S12: =VLOOKUP(#REF!,'מלאי לא תקין'!A:N,17,0) -> #REF! | T12: =_xlfn.CONCAT(S12,Q12) -> #REF! | U12: =_xlfn.CONCAT(S12,O12) -> #REF!
A13: 20000005837 | B13: CLTN500 SC TOLUREX 50 SC 1000LT | C13: 0000000320 | D13: 46235 | E13: 1390867 | G13: 7000 | H13: 7000 | I13: 46235 | J13: 46235 | K13: 0 | L13: 1401 | M13: L | O13: 1528 | P13: REL PCNF DLV PRC BASC BCRQ GMPS ILAS* | Q13: =VLOOKUP(A13,'גיליון דאטה להכל'!A:E,5,0) -> 28 | R13: =VLOOKUP(A13,'לעדכן בסינתזה דאטה אריזה 42+24'!$A:$C,3,0) -> 28 | S13: =VLOOKUP(#REF!,'מלאי לא תקין'!A:N,17,0) -> #REF! | T13: =_xlfn.CONCAT(S13,Q13) -> #REF! | U13: =_xlfn.CONCAT(S13,O13) -> #REF!
... A34: 10000011957 | B34: MCPA600 EC ESTER 600 1000LT US | C34: 0000000103 | D34: 46204 | E34: 1390221 | G34: 8000 | H34: 8000 | I34: 46230 | J34: 46235 | K34: 8000 | L34: 1401 | M34: L | O34: 1523 | P34: REL CNF DLV PRC BASC BCRQ GMPS MACM* | Q34: =VLOOKUP(A34,'גיליון דאטה להכל'!A:E,5,0) -> 23 | R34: =VLOOKUP(A34,'לעדכן בסינתזה דאטה אריזה 42+24'!$A:$C,3,0) -> #N/A | S34: =VLOOKUP(#REF!,'מלאי לא תקין'!A:N,17,0) -> #REF! | T34: =_xlfn.CONCAT(S34,Q34) -> #REF! | U34: =_xlfn.CONCAT(S34,O34) -> #REF!
Q35: =VLOOKUP(A35,'גיליון דאטה להכל'!A:E,5,0) -> #N/A | R35: =VLOOKUP(A35,'לעדכן בסינתזה דאטה אריזה 42+24'!$A:$C,3,0) -> #N/A | S35: =VLOOKUP(#REF!,'מלאי לא תקין'!A:N,17,0) -> #REF! | T35: =_xlfn.CONCAT(S35,Q35) -> #REF! | U35: =_xlfn.CONCAT(S35,O35) -> #REF!
Q36: =VLOOKUP(A36,'גיליון דאטה להכל'!A:E,5,0) -> #N/A | R36: =VLOOKUP(A36,'לעדכן בסינתזה דאטה אריזה 42+24'!$A:$C,3,0) -> #N/A | S36: =VLOOKUP(#REF!,'מלאי לא תקין'!A:N,17,0) -> #REF! | T36: =_xlfn.CONCAT(S36,Q36) -> #REF! | U36: =_xlfn.CONCAT(S36,O36) -> #REF!
Q37: =VLOOKUP(A37,'גיליון דאטה להכל'!A:E,5,0) -> #N/A | R37: =VLOOKUP(A37,'לעדכן בסינתזה דאטה אריזה 42+24'!$A:$C,3,0) -> #N/A | S37: =VLOOKUP(#REF!,'מלאי לא תקין'!A:N,17,0) -> #REF! | T37: =_xlfn.CONCAT(S37,Q37) -> #REF! | U37: =_xlfn.CONCAT(S37,O37) -> #REF!
Q38: =VLOOKUP(A38,'גיליון דאטה להכל'!A:E,5,0) -> #N/A | R38: =VLOOKUP(A38,'לעדכן בסינתזה דאטה אריזה 42+24'!$A:$C,3,0) -> #N/A | S38: =VLOOKUP(#REF!,'מלאי לא תקין'!A:N,17,0) -> #REF! | T38: =_xlfn.CONCAT(S38,Q38) -> #REF! | U38: =_xlfn.CONCAT(S38,O38) -> #REF!
Q39: =VLOOKUP(A39,'גיליון דאטה להכל'!A:E,5,0) -> #N/A | R39: =VLOOKUP(A39,'לעדכן בסינתזה דאטה אריזה 42+24'!$A:$C,3,0) -> #N/A | S39: =VLOOKUP(#REF!,'מלאי לא תקין'!A:N,17,0) -> #REF! | T39: =_xlfn.CONCAT(S39,Q39) -> #REF! | U39: =_xlfn.CONCAT(S39,O39) -> #REF!
Q40: =VLOOKUP(A40,'גיליון דאטה להכל'!A:E,5,0) -> #N/A | R40: =VLOOKUP(A40,'לעדכן בסינתזה דאטה אריזה 42+24'!$A:$C,3,0) -> #N/A | S40: =VLOOKUP(#REF!,'מלאי לא תקין'!A:N,17,0) -> #REF! | T40: =_xlfn.CONCAT(S40,Q40) -> #REF! | U40: =_xlfn.CONCAT(S40,O40) -> #REF!
Q41: =VLOOKUP(A41,'גיליון דאטה להכל'!A:E,5,0) -> #N/A | R41: =VLOOKUP(A41,'לעדכן בסינתזה דאטה אריזה 42+24'!$A:$C,3,0) -> #N/A | S41: =VLOOKUP(#REF!,'מלאי לא תקין'!A:N,17,0) -> #REF! | T41: =_xlfn.CONCAT(S41,Q41) -> #REF! | U41: =_xlfn.CONCAT(S41,O41) -> #REF!
Q42: =VLOOKUP(A42,'גיליון דאטה להכל'!A:E,5,0) -> #N/A | R42: =VLOOKUP(A42,'לעדכן בסינתזה דאטה אריזה 42+24'!$A:$C,3,0) -> #N/A | S42: =VLOOKUP(#REF!,'מלאי לא תקין'!A:N,17,0) -> #REF! | T42: =_xlfn.CONCAT(S42,Q42) -> #REF! | U42: =_xlfn.CONCAT(S42,O42) -> #REF!
Q43: =VLOOKUP(A43,'גיליון דאטה להכל'!A:E,5,0) -> #N/A | R43: =VLOOKUP(A43,'לעדכן בסינתזה דאטה אריזה 42+24'!$A:$C,3,0) -> #N/A | S43: =VLOOKUP(#REF!,'מלאי לא תקין'!A:N,17,0) -> #REF! | T43: =_xlfn.CONCAT(S43,Q43) -> #REF! | U43: =_xlfn.CONCAT(S43,O43) -> #REF!
Q44: =VLOOKUP(A44,'גיליון דאטה להכל'!A:E,5,0) -> #N/A | R44: =VLOOKUP(A44,'לעדכן בסינתזה דאטה אריזה 42+24'!$A:$C,3,0) -> #N/A | S44: =VLOOKUP(#REF!,'מלאי לא תקין'!A:N,17,0) -> #REF! | T44: =_xlfn.CONCAT(S44,Q44) -> #REF! | U44: =_xlfn.CONCAT(S44,O44) -> #REF!
Q45: =VLOOKUP(A45,'גיליון דאטה להכל'!A:E,5,0) -> #N/A | R45: =VLOOKUP(A45,'לעדכן בסינתזה דאטה אריזה 42+24'!$A:$C,3,0) -> #N/A | S45: =VLOOKUP(#REF!,'מלאי לא תקין'!A:N,17,0) -> #REF! | T45: =_xlfn.CONCAT(S45,Q45) -> #REF! | U45: =_xlfn.CONCAT(S45,O45) -> #REF!
Q46: =VLOOKUP(A46,'גיליון דאטה להכל'!A:E,5,0) -> #N/A | R46: =VLOOKUP(A46,'לעדכן בסינתזה דאטה אריזה 42+24'!$A:$C,3,0) -> #N/A | S46: =VLOOKUP(#REF!,'מלאי לא תקין'!A:N,17,0) -> #REF! | T46: =_xlfn.CONCAT(S46,Q46) -> #REF! | U46: =_xlfn.CONCAT(S46,O46) -> #REF!
... Q2897: =VLOOKUP(A2897,'גיליון דאטה להכל'!A:E,5,0) -> #N/A | R2897: =VLOOKUP(A2897,'לעדכן בסינתזה דאטה אריזה 42+24'!$A:$C,3,0) -> #N/A | S2897: =VLOOKUP(#REF!,'מלאי לא תקין'!A:N,17,0) -> #REF! | T2897: =_xlfn.CONCAT(S2897,Q2897) -> #REF! | U2897: =_xlfn.CONCAT(S2897,O2897) -> #REF!
Q2898: =VLOOKUP(A2898,'גיליון דאטה להכל'!A:E,5,0) -> #N/A

Sheet גיליון דאטה להכל
A1: Item Code | B1: Res | C1: Type | D1: Family | E1: Segmentation Class | F1: Item Descr | H1: Old Bulk
A2: 30000000358 | B2: 25 | C2: TC | D2: AGANILE | E2: לא מיוצר כרגע | F2: AGANILE 200KG | H2: 27952
A3: 50000000099 | B3: 25 | C3: TC | D3: AGANILE | E3: לא מיוצר כרגע | F3: AGANILE DIST 200.00 KG | H3: 27950
A4: 50000000101 | B4: 25 | C4: TC | D4: AGANILE | E4: לא מיוצר כרגע | F4: AGANILE FLASH 180.00 KG | H4: 27951
A5: 50000000102 | B5: 25 | C5: TC | D5: AGANILE | E5: לא מיוצר כרגע | F5: AGANILE FLASH 200.00 KG | H5: 27951
A6: 50000000040 | B6: 25 | C6: TC | D6: AP | E6: AP 200 | F6: AP200ESTER FLASH AGA 175.00 KG
A7: 30000000315 | B7: 25 | C7: TC | D7: AP | E7: AP 200 | F7: AP 200 DIST AGAN 150 KG | H7: 1917
A8: 10000001567 | B8: 41 | D8: ATRALONE | E8: ATRALONE | F8: ATRL1000 ATRALONE 50KG General | H8: 22205
A9: 10000001566 | B9: 41 | D9: ATRALONE | E9: ATRALONE | F9: ATRL1000 ATRALONE 20KG General | H9: 22205
A10: 10000001248 | B10: 40 | C10: WP | D10: BROMACIL | E10: WP | F10: BRMC800 WP HYBRO 15 KG ECUADOR 15KG EC | H10: 41102
A11: 10000001251 | B11: 40 | C11: WP | D11: BROMACIL | E11: WP | F11: BRMC800 WP BROMACIL 80WP ID LAB 15KG TH | H11: 41102
A12: 20000000900 | B12: 40 | C12: WP | D12: BROMACIL | E12: WP | F12: BRMC800 WP URAGAN 80 WP 500 KG | H12: 41102
A13: 30000000118 | B13: 40 | C13: TC | D13: BROMACIL | E13: BROMACIL | F13: BRMC950 TC URAGAN TECH MIL DUP 15 KG | H13: 41101
A14: 30000000119 | B14: 40 | C14: TC | D14: BROMACIL | E14: BROMACIL | F14: BRMC950 TC BROMACIL TECH 15KG U 15KG US | H14: 41101
A15: 30000000123 | B15: 40 | C15: TC | D15: BROMACIL | E15: BROMACIL | F15: BRMC950 TC URAGAN TECH MIL DUP 525 KG | H15: 41101
A16: 30000000124 | B16: 40 | C16: TC | D16: BROMACIL | E16: BROMACIL | F16: BRMC950 TC AMVA CBROM 525kgMEXI 525KG MX | H16: 41101
A17: 30000005393 | B17: 40 | C17: TC | D17: BROMACIL | E17: BROMACIL | F17: BRMC950 TC URAGAN TECH MIL DUP 420 KG
A18: 30000000125 | B18: 40 | C18: TC | D18: BROMACIL | E18: BROMACIL | F18: BRMC950 TC AMVA CBROM 525KG JP 525KG JP | H18: 41101
A19: 30000000113 | B19: 40 | C19: TC | D19: CHLOROTOLURON | E19: CHLOROTOLURON TOLUREX | F19: CLTN950 TC TOLUREX TECH MILLED 550 KG | H19: 37701
A20: 30000000114 | B20: 40 | C20: TC | D20: CHLOROTOLURON | E20: CHLOROTOLURON TOLUREX | F20: CLTN950 TC CHLOROT.TECH BG EEC 550KG ES | H20: 37701
A21: 30000003588 | B21: 40 | C21: TC | D21: CHLOROTOLURON | E21: CHLOROTOLURON TOLUREX | F21: CLTN950 TC CHLOROT.TECH EEC 550KG JOB ES | H21: 37701
A22: 30000000108 | B22: 40 | C22: TC | D22: CHLOROTOLURON | E22: CHLOROTOLURON TOLUREX | F22: CLTN950 TC TOLUREX TECH MILLED 200 KG | H22: 37701
A23: 30000005593 | B23: 40 | C23: TC | D23: CHLOROTOLURON | E23: CHLOROTOLURON TOLUREX | F23: CLTN950 TC TOLUREX TEC NOT MILLED 550 KG | H23: 37701
A24: 30000000110 | B24: 40 | C24: TC | D24: CHLOROTOLURON | E24: CHLOROTOLURON TOLUREX | F24: CLTN950 TC TOLUREX TECH MILLED 450 KG | H24: 37701
A25: 10000001434 | B25: 41 | D25: DELTA DAMASCON | E25: DELTA DAMASCON | F25: DELTA DAMASCONE 180KG | H25: 11640
A26: 50000000049 | B26: 41 | D26: DELTA DAMASCON | E26: שלבי ביניים לא למדידה | F26: DELTA MTL KTN CR RUS 1.00 KG | H26: 11631
A27: 50000000053 | B27: 41 | D27: DELTA DAMASCON | E27: שלבי ביניים לא למדידה | F27: DELTA DAMASCONE CRUD 1.00 KG | H27: 11636
A28: 50000000056 | B28: 41 | D28: DELTA DAMASCON | E28: שלבי ביניים לא למדידה | F28: DELTA DAMASCON FLASH 1.00 KG | H28: 11638
A29: 10000001433 | B29: 41 | D29: DELTA DAMASCON | E29: DELTA DAMASCON | F29: DELTA DAMASCONE 20KG | H29: 11640
A30: 50000000057 | B30: 41 | D30: DELTA DAMASCON | E30: שלבי ביניים לא למדידה | F30: DELTA DAMASCON FLASH 180.00 KG | H30: 11638
A31: 30000000070 | B31: 40 | C31: TC | D31: DIURON | E31: DIURON | F31: DRON970 TC DIUREX TEC MEXICO 500KG MX | H31: 13751
A32: 30000000071 | B32: 40 | C32: TC | D32: DIURON | E32: DIURON | F32: DRON970 TC DIURON TECH Paint In 500KG IN | H32: 13751
A33: 30000000075 | B33: 40 | C33: TC | D33: DIURON | E33: DIURON | F33: DRON970 TC DIURON TECN OURO FIN 500KG BR | H33: 13751
A34: 30000000076 | B34: 40 | C34: TC | D34: DIURON | E34: DIURON | F34: DRON970 TC DIUREX TECH MILLED 550 KG | H34: 13751
A35: 30000000080 | B35: 40 | C35: TC | D35: DIURON | E35: DIURON | F35: DRON970 TC DIUREX TECH MILLED 650KG BR | H35: 13751
A36: 30000000077 | B36: 40 | C36: TC | D36: DIURON | E36: DIURON | F36: DRON970 TC DIUREX TECH MILLED 600 KG | H36: 13751
A37: 10000000384 | B37: 40 | C37: WP | D37: DIURON | E37: WP | F37: DRON800 WP DIUREX 80 WP 15KG PH | H37: 13804
A38: 10000000385 | B38: 40 | C38: WP | D38: DIURON | E38: WP | F38: DRON800 WP DIUREX 80 WP 15KG LK | H38: 13804
A39: 10000000399 | B39: 40 | C39: WP | D39: DIURON | E39: WP | F39: DRON800 WP KARMEX 80 WP 15KG IN 15KG ID | H39: 13807
A40: 10000001451 | B40: 40 | C40: WP | D40: DIURON | E40: WP | F40: DRON800 WP 15KG General | H40: 13804
A41: 10000001455 | B41: 40 | C41: WP | D41: DIURON | E41: WP | F41: DRON800 WP KARMEX 15KG General | H41: 13807
A42: 10000002179 | B42: 40 | C42: WP | D42: DIURON | E42: WP | F42: DRON800 WP KARMEX 500KG ID | H42: 13807
A43: 30000000060 | B43: 40 | C43: TC | D43: DIURON | E43: DIURON | F43: DRON970 TC DIUREX TECH MILLED 15 KG | H43: 13751
A44: 30000000061 | B44: 40 | C44: TC | D44: DIURON | E44: DIURON | F44: DRON970 TC DIUREX TECH MILLED 200 KG | H44: 13751
A45: 30000000069 | B45: 40 | C45: TC | D45: DIURON | E45: DIURON | F45: DRON970 TC DIUREX TECH MILLED 500 KG | H45: 13751
A46: 30000000072 | B46: 40 | C46: TC | D46: DIURON | E46: DIURON | F46: DRON970 TC DIURON TEC ADAMA COL 500KG CO | H46: 13751
A47: 30000000078 | B47: 40 | C47: TC | D47: DIURON | E47: DIURON | F47: DRON970 TC DIURON TECH BB USA 600KG US | H47: 13751
... A50: 30000001553 | B50: 40 | C50: TC | D50: DIURON | E50: DIURON | F50: DRON970 TC DIURON TECH AGRO 500KG IN | H50: 13751
A51: 50000000072 | B51: 25 | D51: DIURON-BROMACIL | E51: אותו קרובר כמו הבא אחריו לבחור רק אחד מהם | F51: KROVAR SLURRY .00 KG | H51: 19799
A52: 30000000084 | B52: 40 | C52: WP | D52: DIURON-BROMACIL | E52: KROVAR | F52: DRON510BRMC490 WP KROVAR TECH 500 KG | H52: 19790
A53: 30000004203 | B53: 25 | C53: TC | D53: ETHOFUMESATE | E53: ETHOFUMESATE | F53: ETFM1000 TC ETHOFUMESA TC TREATED 265KG | H53: 15800
A54: 30000000056 | B54: 40 | C54: TC | D54: FLUOMETURON | E54: FLUOMETURON | F54: FMT960TC COTTONEX TEC MILLED GURIT 15KG | H54: 11101
A55: 30000000058 | B55: 40 | C55: TC | D55: FLUOMETURON | E55: FLUOMETURON | F55: FMTR960 TC COTTONEX TECH MILLED 550 KG | H55: 11101
A56: 30000000059 | B56: 40 | C56: TC | D56: FLUOMETURON | E56: FLUOMETURON | F56: FMTR960 TC COTORAN TECH 550KG US | H56: 11101
A57: 30000000455 | B57: 40 | C57: TC | D57: FLUOMETURON | E57: FLUOMETURON | F57: FMTR960 TC COTTONEX TECH MILLED 550KG ES | H57: 11101
A58: 30000001353 | B58: 40 | C58: TC | D58: FLUOMETURON | E58: FLUOMETURON | F58: FMTR960 TC COTTONEX TECH 550 KG GURIT ES | H58: 11101
A59: 50000000064 | B59: 25 | C59: TC | D59: FLUROCHLORIDONE | E59: FLUROCHLORIDONE | F59: FLUROCHLORIDONE44.5C 200.00 KG | H59: 16539
A60: 50000000077 | B60: 41 | C60: TC | D60: FLUROCHLORIDONE | E60: שלבי ביניים לא למדידה | F60: NAA DIST ISO | H60: 25603
A61: 10000007514 | B61: 25 | C61: CS | D61: FLUROCHLORIDONE | E61: CS | F61: FCDN200 CS FLUROCHLOR 18.3% W-W 200LT IN | H61: 16529
A62: 20000000364 | B62: 25 | C62: CS | D62: FLUROCHLORIDONE | E62: CS | F62: FCDN200 CS FLUROCHLORIDON 200CS 200 L | H62: 16529
A63: 20000000377 | B63: 25 | C63: ME | D63: FLUROCHLORIDONE | E63: CS | F63: FCDN250 ME FLUROCHLORIDONE 25CS 200 L | H63: 16534
... A70: 30000000083 | B70: 40 | C70: TC | D70: IMAZAMOX | E70: IMAZAMOX | F70: IMAZAMOX TECH WET 600.00 KG | H70: 18481
A71: 50000000062 | B71: 25 | D71: INTERMEDIATES | E71: מחליף את כל הדיורון טכני | F71: DIUREX SLURRY KG | H71: 13759
A72: 50000000114 | B72: 25 | D72: INTERMEDIATES | E72: מחליף את כל הטולורקס טכני | F72: TOLUREX SLURRY KG | H72: 37709
A73: 50000000044 | B73: 25 | D73: INTERMEDIATES | E73: מחליף את כל הכותורן טכני | F73: COTTONEX SLURRY USA* ISO | H73: 11139
A74: 50000000116 | B74: 25 | C74: TC | D74: INTERMEDIATES | E74: מחליף את כל הברומציל טכני | F74: URAGAN TECH SLURRY KG | H74: 41109
A75: 10000000576 | B75: 40 | C75: WP | D75: LINURON | E75: WP | F75: LNRN500 WP AFALON 50PH 500KG MX | H75: 20196
A76: 30000000087 | B76: 40 | C76: TC | D76: LINURON | E76: LINURON | F76: LNRN950 TC LINURON TECH 15KG KR | H76: 20191
A77: 30000000095 | B77: 40 | C77: TC | D77: LINURON | E77: LINURON | F77: LINURON TECH MIL. CH 600.00 KG | H77: 20197
A78: 10000000574 | B78: 40 | C78: WP | D78: LINURON | E78: WP | F78: LNRN500 WP AFALON 50WP 15KG COL 15KG CO | H78: 20196
A79: 10000000575 | B79: 40 | C79: WP | D79: LINURON | E79: WP | F79: LNRN500 WP AFALON 50 WP ID LABE 15KG PH | H79: 20196
A80: 10000000577 | B80: 40 | C80: WP | D80: LINURON | E80: WP | F80: LNRN500 WP LINAGAN 15KG KENYA 15KG KE | H80: 20203
A81: 10000000578 | B81: 40 | C81: WP | D81: LINURON | E81: WP | F81: LNRN500 WP LINUREX 50WP 15KG CA 15KG HN | H81: 20203
A82: 10000000580 | B82: 40 | C82: WP | D82: LINURON | E82: WP | F82: LNRN500 WP LINUREX 50 500KG 500KG EC | H82: 20203
A83: 10000002017 | B83: 40 | C83: WP | D83: LINURON | E83: WP | F83: LNRN500 WP LINUREX 50 500KG CAM | H83: 20203
A84: 20000000465 | B84: 40 | C84: WP | D84: LINURON | E84: WP | F84: LNRN500 WP AFALON 50 WP 500 KG | H84: 20196
A85: 20000000468 | B85: 40 | C85: WP | D85: LINURON | E85: WP | F85: LNRN500 WP LINUREX 50 WP 500 KG | H85: 20203
A86: 30000000097 | B86: 41 | C86: TC | D86: METAZACHLOR | E86: METAZACHLOR | F86: MTZC735 TC METAZACHLR T WT CRUD 600 KG | H86: 22019
A87: 50000000113 | B87: 41 | D87: METAZACHLOR | E87: שלבי ביניים לא למדידה | F87: PYRAZOLE SOL 1.00 KG | H87: 30715
A88: 50000001340 | B88: 41 | D88: METAZACHLOR | E88: שלבי ביניים לא למדידה | F88: PYRAZOLE SOL 1000KG IBC | H88: 30715
A89: 10000000977 | B89: 25 | C89: EC | D89: OXYFLUORFEN | E89: EC 25 | F89: OXFF240 EC PRENSIL 200LT MEXICO 200LT MX | H89: 26783
A90: 10000000978 | B90: 25 | C90: EC | D90: OXYFLUORFEN | E90: EC 25 | F90: OXFF240 EC GALIGAN 200LIT KENYA 200LT KE | H90: 26783
A91: 10000000979 | B91: 25 | C91: EC | D91: OXYFLUORFEN | E91: EC 25 | F91: OXFF240 EC GALIGAN 200LT MEXICO 200LT MX | H91: 26783
A92: 10000000980 | B92: 25 | C92: EC | D92: OXYFLUORFEN | E92: EC 25 | F92: OXFF240 EC BELMAC 200LT 200LT ID | H92: 26783
A93: 10000000989 | B93: 25 | C93: EC | D93: OXYFLUORFEN | E93: EC 25 | F93: OXFF240 EC GALIGAN EC 240 SSS 200LT TH | H93: 26784
A94: 10000000994 | B94: 25 | C94: EC | D94: OXYFLUORFEN | E94: EC 25 | F94: OXFF240 EC GALIGAN 200LT CENAM 200LT CAM | H94: 26793
A95: 10000000996 | B95: 25 | C95: EC | D95: OXYFLUORFEN | E95: EC 25 | F95: OXFF240 EC GALIGAN 200LT TURKE 200LT TR | H95: 26793
A96: 10000001996 | B96: 25 | C96: EC | D96: OXYFLUORFEN | E96: EC 25 | F96: OXFF240 EC OXYFLUORFEN SAS 200LT KE | H96: 26783
A97: 10000002274 | B97: 25 | C97: EC | D97: OXYFLUORFEN | E97: EC 25 | F97: OXFF240 EC GALIGAN 1000LT US | H97: 26796
A98: 20000000669 | B98: 25 | C98: EC | D98: OXYFLUORFEN | E98: EC 25 | F98: OXFF240 EC GALIGAN EC 240 200 L | H98: 26783
A99: 20000000676 | B99: 25 | C99: EC | D99: OXYFLUORFEN | E99: EC 25 | F99: OXFF240 EC GALIGAN EC 240 SSS 200 L | H99: 26784
A100: 20000000683 | B100: 25 | C100: EC | D100: OXYFLUORFEN | E100: EC 25 | F100: OXFF240 EC GALIGAN EC 240SP 200 L | H100: 26793
... A108: 30000000099 | B108: 25 | C108: TC | D108: OXYFLUORFEN | E108: GALIGAN | F108: OXFF970 TC GALIGAN TECH 97% CRD 999 KG | H108: 26776
A109: 30000000101 | B109: 40 | C109: TC | D109: OXYFLUORFEN | F109: OXFF970 TC GALIGAN TECH 97% 15 KG | H109: 26780
A110: 30000000102 | B110: 40 | C110: TC | D110: OXYFLUORFEN | E110: GALIGAN | F110: OXFF970 TC GALIGAN TECH MANA 15KG US | H110: 26780
A111: 50000001239 | B111: 25 | C111: PRMIX | D111: OXYFLUORFEN-PROPAQUIZAFOP | E111: EC 25 | F111: GALIGAN PRMX FOR GALIGAN+PROPA 1.00 KG | H111: 29929
A112: 10000001682 | B112: 25 | C112: CS | D112: PENDIMETHALIN | E112: CS | F112: PNDM400 CS PENDIGAN 400CS 200LT GR | H112: 27800
A113: 10000009735 | B113: 25 | C113: CS | D113: PENDIMETHALIN | E113: CS | F113: PNDM400CS PENDIMETALIN400G-L CS 200LT IT | H113: 27800
A114: 10000001049 | B114: 25 | C114: CS | D114: PENDIMETHALIN | E114: CS | F114: PNDM400 CS PENDIMEA 400CS GRANE 200LT ES | H114: 27800
A115: 20000000722 | B115: 25 | C115: CS | D115: PENDIMETHALIN | E115: CS | F115: PNDM400 CS PENDIMETHALINE 400CS 200 L | H115: 27800
...

Sheet גיליון להדבקת Last day
A1: Material | B1: Material description | C1: Batch | D1: Basic start date | E1: Order | F1: Sales Order | G1: Order quantity (GMEIN) | H1: Delivered quantity (GMEIN) | I1: Release date (actual) | J1: Actual finish date | K1: Confirmed Yield Quantity (GMEIN) | L1: Plant | M1: Unit of measure (=GMEIN) | N1: Production line | O1: Storage Location | P1: System Status | Q1: משפחת מוצר/גודל אריזה/מתקן | R1: אריזה | T1: THIENCARBAZONE
A2: 20000007617 | B2: MSRN100+ TFZN30+CYPR45 OD 1000LT | C2: 0000000133 | D2: 46237 | E2: 1390334 | G2: 4000 | H2: 2820 | I2: 46233 | J2: 46235 | K2: 0 | L2: 1401 | M2: L | O2: 1524 | P2: REL CNF PRC BASC BCRQ GMPS ILAS MACM* | Q2: =VLOOKUP(A2,'גיליון דאטה להכל'!A:H,5,0) -> 24F | R2: =VLOOKUP(A2,'לעדכן בסינתזה דאטה אריזה 42+24'!$A:$C,3,0) -> #N/A
A3: 20000007617 | B3: MSRN100+ TFZN30+CYPR45 OD 1000LT | C3: 0000000135 | D3: 46237 | E3: 1390336 | G3: 4000 | H3: 2550 | I3: 46235 | J3: 46235 | K3: 0 | L3: 1401 | M3: L | O3: 1524 | P3: REL PCNF PRC BASC BCRQ GMPS ILAS MACM* | Q3: =VLOOKUP(A3,'גיליון דאטה להכל'!A:H,5,0) -> 24F | R3: =VLOOKUP(A3,'לעדכן בסינתזה דאטה אריזה 42+24'!$A:$C,3,0) -> #N/A
A4: 20000007726 | B4: PNDM400 SC PENDIMETHALINE 40SC 1000LT | C4: 0000520621 | D4: 46237 | E4: 1390392 | G4: 7000 | H4: 7000 | I4: 46233 | J4: 46235 | K4: 0 | L4: 1401 | M4: L | O4: 1528 | P4: REL PCNF DLV PRC BASC BCRQ GMPS MACM* | Q4: =VLOOKUP(A4,'גיליון דאטה להכל'!A:H,5,0) -> 28 | R4: =VLOOKUP(A4,'לעדכן בסינתזה דאטה אריזה 42+24'!$A:$C,3,0) -> #N/A
A5: 50000000053 | B5: DELTA DAMASCONE CRUD 1.00 KG | C5: 0000012952 | D5: 46236 | E5: 1390039 | G5: 6000 | H5: 6858 | I5: 46233 | J5: 46235 | K5: 0 | L5: 1401 | M5: KG | O5: 1141 | P5: REL CNF DLV PRC BASC BCRQ GMPS ILAS* | Q5: =VLOOKUP(A5,'גיליון דאטה להכל'!A:H,5,0) -> שלבי ביניים לא למדידה | R5: =VLOOKUP(A5,'לעדכן בסינתזה דאטה אריזה 42+24'!$A:$C,3,0) -> #N/A
A6: 30000000097 | B6: MTZC735 TC METAZACHLR T WT CRUD 600 KG | C6: 0000009267 | D6: 46235 | E6: 1389642 | G6: 2800 | H6: 2415 | I6: 46227 | J6: 46235 | K6: 0 | L6: 1401 | M6: KG | O6: 1541 | P6: REL CNF DLV PRC BASC BCRQ GMPS ILAS* | Q6: =VLOOKUP(A6,'גיליון דאטה להכל'!A:H,5,0) -> METAZACHLOR | R6: =VLOOKUP(A6,'לעדכן בסינתזה דאטה אריזה 42+24'!$A:$C,3,0) -> #N/A
A7: 10000000253 | B7: CLTD120 EC AKODIM 12 200LT MOR 200LT MA | C7: 0000001513 | D7: 46235 | E7: 1390178 | G7: 7200 | H7: 7200 | I7: 46230 | J7: 46235 | K7: 7200 | L7: 1401 | M7: L | O7: 1523 | P7: REL CNF DLV PRC BASC BCRQ GMPS MACM* | Q7: =VLOOKUP(A7,'גיליון דאטה להכל'!A:H,5,0) -> 23 | R7: =VLOOKUP(A7,'לעדכן בסינתזה דאטה אריזה 42+24'!$A:$C,3,0) -> 23
A8: 20000000863 | B8: FRXP200 EC FLUROXYPYR 200 SS 200 L | C8: 0000008648 | D8: 46235 | E8: 1390232 | G8: 9600 | H8: 9600 | I8: 46232 | J8: 46235 | K8: 9600 | L8: 1401 | M8: L | O8: 1523 | P8: REL CNF DLV PRC BASC BCRQ GMPS MANC* | Q8: =VLOOKUP(A8,'גיליון דאטה להכל'!A:H,5,0) -> 23 | R8: =VLOOKUP(A8,'לעדכן בסינתזה דאטה אריזה 42+24'!$A:$C,3,0) -> 23
A9: 20000007726 | B9: PNDM400 SC PENDIMETHALINE 40SC 1000LT | C9: 0000520622 | D9: 46235 | E9: 1390393 | G9: 8000 | H9: 8000 | I9: 46235 | J9: 46235 | K9: 8000 | L9: 1401 | M9: L | O9: 1528 | P9: REL CNF DLV PRC BASC BCRQ GMPS MANC* | Q9: =VLOOKUP(A9,'גיליון דאטה להכל'!A:H,5,0) -> 28 | R9: =VLOOKUP(A9,'לעדכן בסינתזה דאטה אריזה 42+24'!$A:$C,3,0) -> #N/A
A10: 20000000183 | B10: CLTD120 EC CLETODIM 120 SS ECO 1000 L | C10: 0000001901 | D10: 46235 | E10: 1390461 | G10: 5000 | H10: 4456 | I10: 46235 | J10: 46235 | K10: 4456 | L10: 1401 | M10: L | O10: 1523 | P10: REL CNF PRC BASC BCRQ GMPS MACM ORRQ* | Q10: =VLOOKUP(A10,'גיליון דאטה להכל'!A:H,5,0) -> 23 | R10: =VLOOKUP(A10,'לעדכן בסינתזה דאטה אריזה 42+24'!$A:$C,3,0) -> 23
A11: 20000005837 | B11: CLTN500 SC TOLUREX 50 SC 1000LT | C11: 0000000318 | D11: 46235 | E11: 1390865 | G11: 7000 | H11: 7000 | I11: 46234 | J11: 46235 | K11: 7000 | L11: 1401 | M11: L | O11: 1528 | P11: REL CNF DLV PRC BASC BCRQ GMPS ILAS* | Q11: =VLOOKUP(A11,'גיליון דאטה להכל'!A:H,5,0) -> 28 | R11: =VLOOKUP(A11,'לעדכן בסינתזה דאטה אריזה 42+24'!$A:$C,3,0) -> 28
A12: 20000005837 | B12: CLTN500 SC TOLUREX 50 SC 1000LT | C12: 0000000319 | D12: 46235 | E12: 1390866 | G12: 7000 | H12: 7000 | I12: 46234 | J12: 46235 | K12: 7000 | L12: 1401 | M12: L | O12: 1528 | P12: REL CNF DLV PRC BASC BCRQ GMPS ILAS* | Q12: =VLOOKUP(A12,'גיליון דאטה להכל'!A:H,5,0) -> 28 | R12: =VLOOKUP(A12,'לעדכן בסינתזה דאטה אריזה 42+24'!$A:$C,3,0) -> 28
A13: 20000005837 | B13: CLTN500 SC TOLUREX 50 SC 1000LT | C13: 0000000320 | D13: 46235 | E13: 1390867 | G13: 7000 | H13: 7000 | I13: 46235 | J13: 46235 | K13: 0 | L13: 1401 | M13: L | O13: 1528 | P13: REL PCNF DLV PRC BASC BCRQ GMPS ILAS* | Q13: =VLOOKUP(A13,'גיליון דאטה להכל'!A:H,5,0) -> 28 | R13: =VLOOKUP(A13,'לעדכן בסינתזה דאטה אריזה 42+24'!$A:$C,3,0) -> 28
... A34: 10000011957 | B34: MCPA600 EC ESTER 600 1000LT US | C34: 0000000103 | D34: 46204 | E34: 1390221 | G34: 8000 | H34: 8000 | I34: 46230 | J34: 46235 | K34: 8000 | L34: 1401 | M34: L | O34: 1523 | P34: REL CNF DLV PRC BASC BCRQ GMPS MACM* | Q34: =VLOOKUP(A34,'גיליון דאטה להכל'!A:H,5,0) -> 23 | R34: =VLOOKUP(A34,'לעדכן בסינתזה דאטה אריזה 42+24'!$A:$C,3,0) -> #N/A
Q35: =VLOOKUP(A35,'גיליון דאטה להכל'!A:H,5,0) -> #N/A | R35: =VLOOKUP(A35,'לעדכן בסינתזה דאטה אריזה 42+24'!$A:$C,3,0) -> #N/A
Q36: =VLOOKUP(A36,'גיליון דאטה להכל'!A:H,5,0) -> #N/A | R36: =VLOOKUP(A36,'לעדכן בסינתזה דאטה אריזה 42+24'!$A:$C,3,0) -> #N/A
Q37: =VLOOKUP(A37,'גיליון דאטה להכל'!A:H,5,0) -> #N/A | R37: =VLOOKUP(A37,'לעדכן בסינתזה דאטה אריזה 42+24'!$A:$C,3,0) -> #N/A
Q38: =VLOOKUP(A38,'גיליון דאטה להכל'!A:H,5,0) -> #N/A | R38: =VLOOKUP(A38,'לעדכן בסינתזה דאטה אריזה 42+24'!$A:$C,3,0) -> #N/A
Q39: =VLOOKUP(A39,'גיליון דאטה להכל'!A:H,5,0) -> #N/A | R39: =VLOOKUP(A39,'לעדכן בסינתזה דאטה אריזה 42+24'!$A:$C,3,0) -> #N/A
Q40: =VLOOKUP(A40,'גיליון דאטה להכל'!A:H,5,0) -> #N/A | R40: =VLOOKUP(A40,'לעדכן בסינתזה דאטה אריזה 42+24'!$A:$C,3,0) -> #N/A
Q41: =VLOOKUP(A41,'גיליון דאטה להכל'!A:H,5,0) -> #N/A | R41: =VLOOKUP(A41,'לעדכן בסינתזה דאטה אריזה 42+24'!$A:$C,3,0) -> #N/A
Q42: =VLOOKUP(A42,'גיליון דאטה להכל'!A:H,5,0) -> #N/A | R42: =VLOOKUP(A42,'לעדכן בסינתזה דאטה אריזה 42+24'!$A:$C,3,0) -> #N/A
Q43: =VLOOKUP(A43,'גיליון דאטה להכל'!A:H,5,0) -> #N/A | R43: =VLOOKUP(A43,'לעדכן בסינתזה דאטה אריזה 42+24'!$A:$C,3,0) -> #N/A
Q44: =VLOOKUP(A44,'גיליון דאטה להכל'!A:H,5,0) -> #N/A | R44: =VLOOKUP(A44,'לעדכן בסינתזה דאטה אריזה 42+24'!$A:$C,3,0) -> #N/A
Q45: =VLOOKUP(A45,'גיליון דאטה להכל'!A:H,5,0) -> #N/A | R45: =VLOOKUP(A45,'לעדכן בסינתזה דאטה אריזה 42+24'!$A:$C,3,0) -> #N/A
Q46: =VLOOKUP(A46,'גיליון דאטה להכל'!A:H,5,0) -> #N/A | R46: =VLOOKUP(A46,'לעדכן בסינתזה דאטה אריזה 42+24'!$A:$C,3,0) -> #N/A
... Q2539: =VLOOKUP(A2539,'גיליון דאטה להכל'!A:H,5,0) -> #N/A | R2539: =VLOOKUP(A2539,'לעדכן בסינתזה דאטה אריזה 42+24'!$A:$C,3,0) -> #N/A

Sheet sumif
A1: משפחת מוצר | B1: ייצור יום קודם | C1: סה"כ ייצור חודשי
A2: EC 25 | B2: =SUMIF('גיליון להדבקת Last day'!Q:Q,A2,'גיליון להדבקת Last day'!H:H)/1000 -> 0 | C2: =SUMIF('גיליון להדבקת production'!Q:Q,A2,'גיליון להדבקת production'!H:H)/1000 -> 0
A3: DELTA DAMASCON | B3: =SUMIF('גיליון להדבקת Last day'!Q:Q,A3,'גיליון להדבקת Last day'!H:H)/1000 -> 0 | C3: =SUMIF('גיליון להדבקת production'!Q:Q,A3,'גיליון להדבקת production'!H:H)/1000 -> 0
A4: PYROXASULFONE | B4: =SUMIF('גיליון להדבקת Last day'!Q:Q,A4,'גיליון להדבקת Last day'!H:H)/1000 -> 0 | C4: =SUMIF('גיליון להדבקת production'!Q:Q,A4,'גיליון להדבקת production'!H:H)/1000 -> 0
A5: IMAZAMOX | B5: =SUMIF('גיליון להדבקת Last day'!Q:Q,A5,'גיליון להדבקת Last day'!H:H)/1000 -> 0 | C5: =SUMIF('גיליון להדבקת production'!Q:Q,A5,'גיליון להדבקת production'!H:H)/1000 -> 0
A6: CS | B6: =SUMIF('גיליון להדבקת Last day'!Q:Q,A6,'גיליון להדבקת Last day'!H:H)/1000 -> 0 | C6: =SUMIF('גיליון להדבקת production'!Q:Q,A6,'גיליון להדבקת production'!H:H)/1000 -> 0
A7: WP | B7: =SUMIF('גיליון להדבקת Last day'!Q:Q,A7,'גיליון להדבקת Last day'!H:H)/1000 -> 0 | C7: =SUMIF('גיליון להדבקת production'!Q:Q,A7,'גיליון להדבקת production'!H:H)/1000 -> 0
A8: ATRALONE | B8: =SUMIF('גיליון להדבקת Last day'!Q:Q,A8,'גיליון להדבקת Last day'!H:H)/1000 -> 1.7 | C8: =SUMIF('גיליון להדבקת production'!Q:Q,A8,'גיליון להדבקת production'!H:H)/1000 -> 1.7
A9: GALIGAN | B9: =SUMIF('גיליון להדבקת Last day'!Q:Q,A9,'גיליון להדבקת Last day'!H:H)/1000 -> 0 | C9: =SUMIF('גיליון להדבקת production'!Q:Q,A9,'גיליון להדבקת production'!H:H)/1000 -> 0
A10: LINURON | B10: =SUMIF('גיליון להדבקת Last day'!Q:Q,A10,'גיליון להדבקת Last day'!H:H)/1000 -> 4.8 | C10: =SUMIF('גיליון להדבקת production'!Q:Q,A10,'גיליון להדבקת production'!H:H)/1000 -> 4.8
A11: ET HA | B11: =SUMIF('גיליון להדבקת Last day'!Q:Q,A11,'גיליון להדבקת Last day'!H:H)/1000 -> 0 | C11: =SUMIF('גיליון להדבקת production'!Q:Q,A11,'גיליון להדבקת production'!H:H)/1000 -> 0
A12: KROVAR | B12: =SUMIF('גיליון להדבקת Last day'!Q:Q,A12,'גיליון להדבקת Last day'!H:H)/1000 -> 0 | C12: =SUMIF('גיליון להדבקת production'!Q:Q,A12,'גיליון להדבקת production'!H:H)/1000 -> 0
A13: BROMACIL | B13: =SUMIF('גיליון להדבקת Last day'!Q:Q,A13,'גיליון להדבקת Last day'!H:H)/1000 -> 2.1 | C13: =SUMIF('גיליון להדבקת production'!Q:Q,A13,'גיליון להדבקת production'!H:H)/1000 -> 2.1
... A28: ETHOFUMESATE | B28: =SUMIF('גיליון להדבקת Last day'!Q:Q,A28,'גיליון להדבקת Last day'!H:H)/1000 -> 0 | C28: =SUMIF('גיליון להדבקת production'!Q:Q,A28,'גיליון להדבקת production'!H:H)/1000 -> 0
A29: 5 | B29: =SUMIF('גיליון להדבקת Last day'!Q:Q,A29,'גיליון להדבקת Last day'!H:H)/1000 -> 0 | C29: =SUMIF('גיליון להדבקת production'!Q:Q,A29,'גיליון להדבקת production'!H:H)/1000 -> 0
A30: 1 | B30: =SUMIF('גיליון להדבקת Last day'!Q:Q,A30,'גיליון להדבקת Last day'!H:H)/1000 -> 0 | C30: =SUMIF('גיליון להדבקת production'!Q:Q,A30,'גיליון להדבקת production'!H:H)/1000 -> 0
A31: 10 | B31: =SUMIF('גיליון להדבקת Last day'!Q:Q,A31,'גיליון להדבקת Last day'!H:H)/1000 -> 0 | C31: =SUMIF('גיליון להדבקת production'!Q:Q,A31,'גיליון להדבקת production'!H:H)/1000 -> 0
A32: 20 | B32: =SUMIF('גיליון להדבקת Last day'!Q:Q,A32,'גיליון להדבקת Last day'!H:H)/1000 -> 0 | C32: =SUMIF('גיליון להדבקת production'!Q:Q,A32,'גיליון להדבקת production'!H:H)/1000 -> 0
A33: 10,20 | B33: =B32+B31 -> 0 | C33: =C32+C31 -> 0
A34: Shaked (42) | B34: =SUMIF('גיליון להדבקת Last day'!Q:Q,A34,'גיליון להדבקת Last day'!H:H)/1000 -> 0 | C34: =SUMIF('גיליון להדבקת production'!Q:Q,A34,'גיליון להדבקת production'!H:H)/1000 -> 0
A35: 19 | B35: =SUMIF('גיליון להדבקת Last day'!Q:Q,A35,'גיליון להדבקת Last day'!H:H)/1000 -> 0 | C35: =SUMIF('גיליון להדבקת production'!Q:Q,A35,'גיליון להדבקת production'!H:H)/1000 -> 0
A36: 23 | B36: =SUMIF('גיליון להדבקת Last day'!Q:Q,A36,'גיליון להדבקת Last day'!H:H)/1000 -> 44.456 | C36: =SUMIF('גיליון להדבקת production'!Q:Q,A36,'גיליון להדבקת production'!H:H)/1000 -> 44.456
A37: 28 | B37: =SUMIF('גיליון להדבקת Last day'!Q:Q,A37,'גיליון להדבקת Last day'!H:H)/1000 -> 65 | C37: =SUMIF('גיליון להדבקת production'!Q:Q,A37,'גיליון להדבקת production'!H:H)/1000 -> 65
A38: 7079 | B38: =SUMIF('גיליון להדבקת Last day'!O:O,A38,'גיליון להדבקת Last day'!H:H)/1000 -> 0 | C38: =SUMIF('גיליון להדבקת production'!O:O,A38,'גיליון להדבקת production'!H:H)/1000 -> 0
A39: 24F | B39: =SUMIF('גיליון להדבקת Last day'!Q:Q,A39,'גיליון להדבקת Last day'!H:H)/1000 -> 5.37 | C39: =SUMIF('גיליון להדבקת production'!Q:Q,A39,'גיליון להדבקת production'!H:H)/1000 -> 5.37
A40: 24F128 | B40: =SUMIF('גיליון להדבקת Last day'!Q:Q,A40,'גיליון להדבקת Last day'!H:H)/1000 -> 0 | C40: =SUMIF('גיליון להדבקת production'!Q:Q,A40,'גיליון להדבקת production'!H:H)/1000 -> 0
A41: 24P | B41: =SUMIF('גיליון להדבקת Last day'!Q:Q,A41,'גיליון להדבקת Last day'!H:H)/1000 -> 0 | C41: =SUMIF('גיליון להדבקת production'!Q:Q,A41,'גיליון להדבקת production'!H:H)/1000 -> 0
A42: Galigan iso (42) | B42: =SUMIF('גיליון להדבקת Last day'!Q:Q,A42,'גיליון להדבקת Last day'!H:H)/1000 -> 0 | C42: =SUMIF('גיליון להדבקת production'!Q:Q,A42,'גיליון להדבקת production'!H:H)/1000 -> 0
A43: 5090 | B43: =SUMIF('גיליון להדבקת Last day'!O:O,A43,'גיליון להדבקת Last day'!H:H)/1000 -> 0 | C43: =SUMIF('גיליון להדבקת production'!O:O,A43,'גיליון להדבקת production'!H:H)/1000 -> 0
A44: LQ 43 | B44: =SUM(B45:B47) -> 0 | C44: =SUM(C45:C47) -> 0
A45: 1543 | B45: =SUMIF('גיליון להדבקת Last day'!O:O,A45,'גיליון להדבקת Last day'!H:H)/1000 -> 0 | C45: =SUMIF('גיליון להדבקת production'!O:O,A45,'גיליון להדבקת production'!H:H)/1000 -> 0
A46: 1143 | B46: =SUMIF('גיליון להדבקת Last day'!O:O,A46,'גיליון להדבקת Last day'!H:H)/1000 -> 0 | C46: =SUMIF('גיליון להדבקת production'!O:O,A46,'גיליון להדבקת production'!H:H)/1000 -> 0
A47: 1243 | B47: =SUMIF('גיליון להדבקת Last day'!O:O,A47,'גיליון להדבקת Last day'!H:H)/1000 -> 0 | C47: =SUMIF('גיליון להדבקת production'!O:O,A47,'גיליון להדבקת production'!H:H)/1000 -> 0
A49: חיבור מתקן והחלטת שימוש | D49: recycled | E49: For Packing | F49: Restricted - recycling
A50: 19Contaminated Internal Use | B50: =SUMIF('מלאי לא תקין'!AH:AH,A50,'מלאי לא תקין'!AG:AG) -> 0 | E50: =B52 -> 0 | F50: =B50+B51+B53+B54 -> 0
A51: 19For Internal Use | B51: =SUMIF('מלאי לא תקין'!AH:AH,A51,'מלאי לא תקין'!AG:AG) -> 0
A52: 19For Packing | B52: =SUMIF('מלאי לא תקין'!AH:AH,A52,'מלאי לא תקין'!AG:AG) -> 0
A53: 19Restricted - recycling | B53: =SUMIF('מלאי לא תקין'!AH:AH,A53,'מלאי לא תקין'!AG:AG) -> 0
A54: 19Restricted – risk for disposal | B54: =SUMIF('מלאי לא תקין'!AH:AH,A54,'מלאי לא תקין'!AG:AG) -> 0
A55: 1Contaminated Internal Use | B55: =SUMIF('מלאי לא תקין'!AH:AH,A55,'מלאי לא תקין'!AG:AG) -> 0 | E55: =B57 -> 0 | F55: =B55+B56+B58+B59 -> 0
A56: 1For Internal Use | B56: =SUMIF('מלאי לא תקין'!AH:AH,A56,'מלאי לא תקין'!AG:AG) -> 0
A57: 1For Packing | B57: =SUMIF('מלאי לא תקין'!AH:AH,A57,'מלאי לא תקין'!AG:AG) -> 0
A58: 1Restricted - recycling | B58: =SUMIF('מלאי לא תקין'!AH:AH,A58,'מלאי לא תקין'!AG:AG) -> 0
A59: 1Restricted – risk for disposal | B59: =SUMIF('מלאי לא תקין'!AH:AH,A59,'מלאי לא תקין'!AG:AG) -> 0
A60: 5Contaminated Internal Use | B60: =SUMIF('מלאי לא תקין'!AH:AH,A60,'מלאי לא תקין'!AG:AG) -> 0 | E60: =B62 -> 0 | F60: =B60+B61+B63+B64 -> 0
A61: 5For Internal Use | B61: =SUMIF('מלאי לא תקין'!AH:AH,A61,'מלאי לא תקין'!AG:AG) -> 0
A62: 5For Packing | B62: =SUMIF('מלאי לא תקין'!AH:AH,A62,'מלאי לא תקין'!AG:AG) -> 0
A63: 5Restricted - recycling | B63: =SUMIF('מלאי לא תקין'!AH:AH,A63,'מלאי לא תקין'!AG:AG) -> 0
A64: 5Restricted – risk for disposal | B64: =SUMIF('מלאי לא תקין'!AH:AH,A64,'מלאי לא תקין'!AG:AG) -> 0
A65: 20Contaminated Internal Use | B65: =SUMIF('מלאי לא תקין'!AH:AH,A65,'מלאי לא תקין'!AG:AG) -> 0 | E65: =B67+E70 -> 0 | F65: =B65+B66+B68+B69+F70 -> 0
A66: 20For Internal Use | B66: =SUMIF('מלאי לא תקין'!AH:AH,A66,'מלאי לא תקין'!AG:AG) -> 0
A67: 20For Packing | B67: =SUMIF('מלאי לא תקין'!AH:AH,A67,'מלאי לא תקין'!AG:AG) -> 0
A68: 20Restricted - recycling | B68: =SUMIF('מלאי לא תקין'!AH:AH,A68,'מלאי לא תקין'!AG:AG) -> 0
A69: 20Restricted – risk for disposal | B69: =SUMIF('מלאי לא תקין'!AH:AH,A69,'מלאי לא תקין'!AG:AG) -> 0
A70: 10Contaminated Internal Use | B70: =SUMIF('מלאי לא תקין'!AH:AH,A70,'מלאי לא תקין'!AG:AG) -> 0 | E70: =B72 -> 0 | F70: =B70+B71+B73+B74 -> 0
A71: 10For Internal Use | B71: =SUMIF('מלאי לא תקין'!AH:AH,A71,'מלאי לא תקין'!AG:AG) -> 0
A72: 10For Packing | B72: =SUMIF('מלאי לא תקין'!AH:AH,A72,'מלאי לא תקין'!AG:AG) -> 0
A73: 10Restricted - recycling | B73: =SUMIF('מלאי לא תקין'!AH:AH,A73,'מלאי לא תקין'!AG:AG) -> 0
A74: 10Restricted – risk for disposal | B74: =SUMIF('מלאי לא תקין'!AH:AH,A74,'מלאי לא תקין'!AG:AG) -> 0
A75: 23Contaminated Internal Use | B75: =SUMIF('מלאי לא תקין'!AH:AH,A75,'מלאי לא תקין'!AG:AG) -> 0 | E75: =B77 -> 0 | F75: =B75+B76+B78+B79 -> 0
A76: 23For Internal Use | B76: =SUMIF('מלאי לא תקין'!AH:AH,A76,'מלאי לא תקין'!AG:AG) -> 0
A77: 23For Packing | B77: =SUMIF('מלאי לא תקין'!AH:AH,A77,'מלאי לא תקין'!AG:AG) -> 0
A78: 23Restricted - recycling | B78: =SUMIF('מלאי לא תקין'!AH:AH,A78,'מלאי לא תקין'!AG:AG) -> 0
A79: 23Restricted – risk for disposal | B79: =SUMIF('מלאי לא תקין'!AH:AH,A79,'מלאי לא תקין'!AG:AG) -> 0
A80: 24FContaminated Internal Use | B80: =SUMIF('מלאי לא תקין'!AH:AH,A80,'מלאי לא תקין'!AG:AG) -> 0 | E80: =B82 -> 0 | F80: =B80+B81+B83+B84 -> 0
A81: 24FFor Internal Use | B81: =SUMIF('מלאי לא תקין'!AH:AH,A81,'מלאי לא תקין'!AG:AG) -> 0
A82: 24FFor Packing | B82: =SUMIF('מלאי לא תקין'!AH:AH,A82,'מלאי לא תקין'!AG:AG) -> 0
A83: 24FRestricted - recycling | B83: =SUMIF('מלאי לא תקין'!AH:AH,A83,'מלאי לא תקין'!AG:AG) -> 0
A84: 24FRestricted – risk for disposal | B84: =SUMIF('מלאי לא תקין'!AH:AH,A84,'מלאי לא תקין'!AG:AG) -> 0
A85: 24PContaminated Internal Use | B85: =SUMIF('מלאי לא תקין'!AH:AH,A85,'מלאי לא תקין'!AG:AG) -> 0 | E85: =B87 -> 0 | F85: =B85+B86+B88+B89 -> 0
A86: 24PFor Internal Use | B86: =SUMIF('מלאי לא תקין'!AH:AH,A86,'מלאי לא תקין'!AG:AG) -> 0
A87: 24PFor Packing | B87: =SUMIF('מלאי לא תקין'!AH:AH,A87,'מלאי לא תקין'!AG:AG) -> 0
A88: 24PRestricted - recycling | B88: =SUMIF('מלאי לא תקין'!AH:AH,A88,'מלאי לא תקין'!AG:AG) -> 0
A89: 24PRestricted – risk for disposal | B89: =SUMIF('מלאי לא תקין'!AH:AH,A89,'מלאי לא תקין'!AG:AG) -> 0
A90: 28Contaminated Internal Use | B90: =SUMIF('מלאי לא תקין'!AH:AH,A90,'מלאי לא תקין'!AG:AG) -> 0 | E90: =B92 -> 0 | F90: =B90+B91+B93+B94 -> 0
A91: 28For Internal Use | B91: =SUMIF('מלאי לא תקין'!AH:AH,A91,'מלאי לא תקין'!AG:AG) -> 0
A92: 28For Packing | B92: =SUMIF('מלאי לא תקין'!AH:AH,A92,'מלאי לא תקין'!AG:AG) -> 0
A93: 28Restricted - recycling | B93: =SUMIF('מלאי לא תקין'!AH:AH,A93,'מלאי לא תקין'!AG:AG) -> 0
A94: 28Restricted – risk for disposal | B94: =SUMIF('מלאי לא תקין'!AH:AH,A94,'מלאי לא תקין'!AG:AG) -> 0
A95: AP 200Contaminated Internal Use | B95: =SUMIF('מלאי לא תקין'!AH:AH,A95,'מלאי לא תקין'!AG:AG) -> 0 | E95: =B97 -> 0 | F95: =B95+B96+B98+B99 -> 0
A96: AP 200For Internal Use | B96: =SUMIF('מלאי לא תקין'!AH:AH,A96,'מלאי לא תקין'!AG:AG) -> 0
A97: AP 200For Packing | B97: =SUMIF('מלאי לא תקין'!AH:AH,A97,'מלאי לא תקין'!AG:AG) -> 0
A98: AP 200Restricted - recycling | B98: =SUMIF('מלאי לא תקין'!AH:AH,A98,'מלאי לא תקין'!AG:AG) -> 0
A99: AP 200Restricted – risk for disposal | B99: =SUMIF('מלאי לא תקין'!AH:AH,A99,'מלאי לא תקין'!AG:AG) -> 0
A100: ATRALONEContaminated Internal Use | B100: =SUMIF('מלאי לא תקין'!AH:AH,A100,'מלאי לא תקין'!AG:AG) -> 0 | E100: =B102 -> 0 | F100: =B100+B101+B103+B104 -> 0
A101: ATRALONEFor Internal Use | B101: =SUMIF('מלאי לא תקין'!AH:AH,A101,'מלאי לא תקין'!AG:AG) -> 0
A102: ATRALONEFor Packing | B102: =SUMIF('מלאי לא תקין'!AH:AH,A102,'מלאי לא תקין'!AG:AG) -> 0
A103: ATRALONERestricted - recycling | B103: =SUMIF('מלאי לא תקין'!AH:AH,A103,'מלאי לא תקין'!AG:AG) -> 0
A104: ATRALONERestricted – risk for disposal | B104: =SUMIF('מלאי לא תקין'!AH:AH,A104,'מלאי לא תקין'!AG:AG) -> 0
A105: BROMACILContaminated Internal Use | B105: =SUMIF('מלאי לא תקין'!AH:AH,A105,'מלאי לא תקין'!AG:AG) -> 0 | E105: =B107 -> 0 | F105: =B105+B106+B108+B109 -> 0
A106: BROMACILFor Internal Use | B106: =SUMIF('מלאי לא תקין'!AH:AH,A106,'מלאי לא תקין'!AG:AG) -> 0
A107: BROMACILFor Packing | B107: =SUMIF('מלאי לא תקין'!AH:AH,A107,'מלאי לא תקין'!AG:AG) -> 0
A108: BROMACILRestricted - recycling | B108: =SUMIF('מלאי לא תקין'!AH:AH,A108,'מלאי לא תקין'!AG:AG) -> 0
A109: BROMACILRestricted – risk for disposal | B109: =SUMIF('מלאי לא תקין'!AH:AH,A109,'מלאי לא תקין'!AG:AG) -> 0
A110: CHLOROTOLURON TOLUREXContaminated Internal Use | B110: =SUMIF('מלאי לא תקין'!AH:AH,A110,'מלאי לא תקין'!AG:AG) -> 0 | E110: =B112 -> 0 | F110: =B110+B111+B113+B114 -> 0
A111: CHLOROTOLURON TOLUREXFor Internal Use | B111: =SUMIF('מלאי לא תקין'!AH:AH,A111,'מלאי לא תקין'!AG:AG) -> 0
A112: CHLOROTOLURON TOLUREXFor Packing | B112: =SUMIF('מלאי לא תקין'!AH:AH,A112,'מלאי לא תקין'!AG:AG) -> 0
A113: CHLOROTOLURON TOLUREXRestricted - recycling | B113: =SUMIF('מלאי לא תקין'!AH:AH,A113,'מלאי לא תקין'!AG:AG) -> 0
A114: CHLOROTOLURON TOLUREXRestricted – risk for disposal | B114: =SUMIF('מלאי לא תקין'!AH:AH,A114,'מלאי לא תקין'!AG:AG) -> 0
A115: CSContaminated Internal Use | B115: =SUMIF('מלאי לא תקין'!AH:AH,A115,'מלאי לא תקין'!AG:AG) -> 0 | E115: =B117 -> 0 | F115: =B115+B116+B118+B119 -> 0
...
